de-date,tavg,tmin,tmax,wind,globrad,precip,relhumid
01.01.2017,-15.808884584944941,-19.110042867333966,-13.777134650452531,1.4299346936054198,-5.257643722953083,-3.257894586392001,89.84691571753434
02.01.2017,-16.36564996943442,-19.937679567473786,-14.980489222890943,1.45916491708425,-5.378143222684368,-3.92610430397097,90.56598633781009
03.01.2017,-16.530412590690407,-20.195344543142365,-15.268236445732686,1.361892124940345,-5.7297216579192956,-4.120673709858168,90.11344917533103
04.01.2017,-17.891803333297034,-20.305717255742014,-15.013303274749328,1.1452801561668624,-4.865742517177474,-5.0642624871480795,90.33150153003136
05.01.2017,-16.517802726110023,-20.255736591927146,-15.267646786466766,1.240444801702034,-5.595364498238514,-3.9068534909427926,89.92765377808762
06.01.2017,-17.574597769420635,-20.945513648213254,-14.930435274646674,1.1407865193546847,-5.175714997089864,-3.611345612535233,91.71442001986087
07.01.2017,-17.257520270132773,-20.038926564920235,-15.339445265063537,1.1697084725869833,-5.2604683168011075,-4.868763083327374,91.13637167817006
08.01.2017,-18.244536510376655,-21.753492476829877,-16.190706675323092,1.257387523764947,-5.114055824709286,-3.6399849697091073,90.09271801287882
09.01.2017,-18.455116994574702,-22.707969094834496,-16.973935711920156,1.3081632005783366,-5.250500910038605,-3.704534654315386,91.57136709331158
10.01.2017,-19.158955947418868,-22.624787903148665,-16.864636755674677,1.0104713954180218,-6.054468158307758,-3.549091413861998,92.91178583799932
11.01.2017,-18.82324219050657,-23.689021622689523,-17.28883458375668,1.0455058912594897,-5.102869437298867,-4.286575206825443,90.9850688881453
12.01.2017,-18.482323447717455,-23.03251940044749,-17.327256950740015,1.078553248134478,-4.912724486502823,-3.0906233129434373,91.18443088306289
13.01.2017,-19.18364464855577,-23.053163843898925,-17.567845795818748,1.1030646901567218,-4.810486467995883,-3.5194462103242166,92.39014152455704
14.01.2017,-19.6311169766947,-23.5890145193261,-17.583759108956542,1.2179058000512433,-4.842415714716959,-3.6865411520755593,93.0565052102608
15.01.2017,-20.123573403990775,-24.302631926166285,-17.867091686433994,1.230391248854088,-4.890461815209189,-3.3306658439298618,91.9530507396348
16.01.2017,-20.76267463781939,-23.802114865155325,-18.273139961922144,1.571907545544784,-5.221428751256893,-3.490559243990858,92.90639755309984
17.01.2017,-20.195356649174737,-24.86401281857556,-18.631130345721207,1.2581700644390157,-5.348319229843295,-3.303523016766698,93.61848393182338
18.01.2017,-21.249033468471662,-25.257110599931462,-19.48153066061564,1.1251516392234644,-4.612768490937305,-3.3525463217557774,93.37934761055851
19.01.2017,-21.212071408195715,-24.442575258936518,-19.25296728190894,1.2181964022771359,-4.584859553354512,-3.454171940711521,92.34466188798686
20.01.2017,-21.239953259445077,-25.165049058297274,-18.334427908647225,1.2130582819040185,-4.602668691745922,-3.740102758824275,93.69084631124403
21.01.2017,-20.797524405792313,-25.34056893675868,-19.09208201261518,1.5543929959205303,-4.683927756642341,-3.478371263038535,93.46703553004694
22.01.2017,-21.1316851412828,-24.46497510251089,-19.15737420522041,1.3133323116135538,-4.264101955390947,-3.2221009705871153,93.82879882139424
23.01.2017,-21.029638901546914,-25.443928876288222,-18.811413795383146,1.7540994655650084,-4.434860666181512,-3.7293992864189165,94.71392563007393
24.01.2017,-21.38595274646911,-26.578191557325013,-19.482487993408096,1.4797149408930534,-3.742477497416583,-3.755185652398096,94.61277373490185
25.01.2017,-21.893606694212018,-25.96802390410658,-19.287468636294054,1.2458525017522333,-3.4063315254615367,-3.672670671898486,92.73525719695753
26.01.2017,-22.006731845101765,-25.832158548089954,-19.246100829679172,1.527695156694064,-3.327283684822682,-4.029215923980242,94.08894252690621
27.01.2017,-21.508585673987355,-25.883472630466148,-18.6087487546286,1.7998432373168871,-3.336874215130762,-3.811799484710828,93.47140817498887
28.01.2017,-20.950082447498147,-25.29690580663377,-18.395882905428692,1.7864880721435514,-3.36090676738694,-4.338290017903255,93.99303331783003
29.01.2017,-20.996490952081903,-24.870175395696172,-18.906371280426807,1.6983439449478333,-2.947712245910876,-3.7528187745825905,93.34893183996302
30.01.2017,-21.110681735959574,-24.762709569837458,-17.925733292672383,2.179664192708449,-3.0246822487706986,-4.6805304626340085,93.995521879668
31.01.2017,-21.947240808927695,-25.6639482748186,-19.08315501583651,1.8288961176947505,-2.9639627608487746,-4.155695436012346,94.14101685632531
01.02.2017,-21.540716097064507,-25.15148579831133,-18.430625253878564,1.6855277593698308,-1.8483868321351242,-4.8904165624315015,92.73246027082182
02.02.2017,-20.069217280535554,-24.822803598622027,-18.262657066820104,1.8959239886809667,-2.0872854759176893,-4.574585903290509,92.92625712346492
03.02.2017,-21.01615858218282,-24.071798104844273,-17.933578377493838,1.7330615684525255,-1.5541132799817015,-5.401357534053794,92.43732003281227
04.02.2017,-20.23349570901411,-24.125749826113978,-16.93388922882342,1.9160384912423,-2.6473195671343768,-4.570702318636437,92.85685441512186
05.02.2017,-20.338163567425596,-24.055665406312478,-17.864000982994764,2.0984057351306156,-2.1385204712233814,-4.725190408391575,91.38434600281143
06.02.2017,-20.100865266110052,-24.026015668475925,-17.793635182798766,1.9677575776189138,-1.659296914785727,-4.778337992630948,93.07098207117517
07.02.2017,-19.980723737532347,-23.33824243118335,-17.726734907147943,1.8985372842791133,-1.773807935325078,-4.08552404877187,93.3211099017201
08.02.2017,-19.77682094237253,-23.546091368597732,-17.067864941731415,1.5719093448482004,-1.4144915260077011,-4.952660044613823,91.549361690629
09.02.2017,-19.26360391330781,-22.68471510188247,-16.946190911506328,1.6486321441684073,-2.112301044316058,-4.05435117189647,91.95119420753427
10.02.2017,-18.724809025802266,-22.7642307316669,-16.842249681921903,1.84022246137329,-0.4066572727801814,-4.9392630641503805,92.63911048657937
11.02.2017,-18.888003103375198,-22.3181139613765,-16.09201635436281,1.7928975058739736,-0.9341810963358878,-4.3533019741145775,91.07402243350313
12.02.2017,-18.00777268229743,-22.338163927984844,-16.48632688664,1.7318008767787758,-1.101587947690123,-4.520692454121872,91.99242486174579
13.02.2017,-17.712843639730885,-22.328690496899718,-16.41668773884616,1.7020930775854277,-1.1077369283857181,-4.273839809210681,91.952736117067
14.02.2017,-18.39123985519464,-21.555469017857728,-15.787088105239318,1.6377222536317744,-0.9932103982432999,-4.7032029448727695,92.37755642109472
15.02.2017,-18.06564515643744,-22.39972134688012,-15.912538022252836,1.500626826526041,-0.4224413003016342,-5.194493075790843,90.46977565360508
16.02.2017,-17.612021490740243,-21.73056405555661,-15.760844182843142,1.3864351117888254,-0.13541152969904333,-5.144785461015512,92.74268173196539
17.02.2017,-17.073840977007354,-21.024137331539382,-15.36937433864706,1.4661865942801573,-0.7250372003101291,-4.876465182188808,92.54450410403877
18.02.2017,-17.335150628852357,-21.353190487460267,-14.747699032884103,1.3692430541141112,-0.10859516335339141,-4.386698986690115,93.13648334585469
19.02.2017,-17.11196820181483,-20.161240700087188,-14.470092170475745,1.292997621776547,-0.5933377179201877,-3.7824059844663163,91.92798557517716
20.02.2017,-16.961274969353468,-20.445988419151693,-15.114285042344303,1.5586686173173416,-0.9872877183033805,-4.221342123049582,92.70641482180132
21.02.2017,-16.762724055490263,-21.143627636329963,-15.293670078495564,1.3635317774970077,0.015455729581279318,-4.359779654313006,94.12813733472495
22.02.2017,-16.723968116732593,-20.539149314586528,-14.772300279215353,1.0965621789004103,0.07634189403465645,-5.042485009451747,92.46805899676829
23.02.2017,-16.793024559579894,-20.63807261319271,-14.182154925389924,1.1790649806290934,-0.4374507674202175,-4.638900714709643,92.59234414805815
24.02.2017,-16.06871424201154,-20.344268449345858,-14.621522430307511,0.9810741412998154,0.10534380202200727,-4.12168897825797,93.64575172923301
25.02.2017,-15.736177747086838,-20.24024299310747,-13.244841593775753,1.1287899468565052,0.5681112971833708,-4.626606345440692,93.78659665605501
26.02.2017,-15.630036881392122,-19.34137170931074,-13.495163534532916,1.0328853605915402,0.5856950738443512,-4.561724119306952,92.33584689202706
27.02.2017,-15.664867170676557,-19.294548556388175,-13.416773660819334,0.9402629437559221,1.5521615716472321,-4.594161981825431,92.34027081954105
28.02.2017,-16.06390422909583,-19.594219020475176,-12.775967746831032,0.9715505020662762,0.38456661514324425,-4.391956014186063,92.30640612765966
01.03.2017,-15.497027311607585,-19.889395278677156,-13.028807509031322,0.99277153834392,1.3925878589014782,-5.484181982834335,91.78598062773764
02.03.2017,-14.94231529977246,-18.64795079587929,-12.609963019003047,0.8405043014177391,1.1940371233264768,-4.438442975772897,91.95926782112768
03.03.2017,-15.065893218275578,-18.98409818353708,-12.599309892251048,0.892135363801161,1.3369085040438164,-5.157671030719583,92.43315008869469
04.03.2017,-14.383383619526924,-17.88809263304608,-12.064988120193313,0.8525986547098362,1.1983244117062637,-4.670136003326825,91.77375031956312
05.03.2017,-14.153894583491565,-19.00876685551269,-11.669313063707893,1.0021199650248567,2.289534448192155,-4.672938389271586,91.00566098355372
06.03.2017,-13.829727012798466,-19.240595953751132,-11.143872204386527,1.0708942595299376,2.5836922735570926,-4.638609509297785,91.52553309094557
07.03.2017,-14.347653500835746,-18.661433207282222,-11.625733797311549,1.024229431765623,1.8447657742241492,-4.59680003382332,91.11615340607992
08.03.2017,-14.49827532268325,-18.237634468686103,-11.211389558886836,1.12084135188572,3.1206063398010957,-5.33888402925835,89.68542321830297
09.03.2017,-14.177171685772429,-17.641622785234823,-10.431231567825963,1.2506552405661628,3.245194648832769,-5.029735356984253,89.78308359171473
10.03.2017,-13.34368696323166,-17.547101774631116,-10.109997743926732,1.1464450429744468,3.1366807511773107,-4.369678875647032,88.78654089699678
11.03.2017,-12.98238457902749,-16.9443311280345,-10.404714580217004,1.2699712363463955,3.554702704192922,-4.865775166900613,89.16585800986586
12.03.2017,-13.380734894016342,-16.39406414662663,-9.667014186086396,1.386524885327283,3.421543089344863,-4.6015198271349425,88.93402568071245
13.03.2017,-12.545338812645694,-16.854634470742166,-10.43353519975525,1.527787378109696,3.6629135045075896,-4.618321096929339,87.2249692992993
14.03.2017,-13.005661362840964,-16.53762120470894,-10.137992865649162,1.417320107172536,3.754495454724819,-4.372631511582564,87.71398330292399
15.03.2017,-12.755609737153035,-16.81053328242516,-9.23671283611249,1.415174802399053,4.566824716014587,-5.6322710131438205,86.67931200104083
16.03.2017,-12.151397268824386,-16.600459965843537,-10.565156948742377,1.2281149482748308,4.043445290191372,-4.966021685207938,86.9120019934044
17.03.2017,-11.021985806312003,-16.439772562682585,-9.227141101908815,1.5738840297490893,5.127724193528224,-4.260692593659001,85.52454318131058
18.03.2017,-12.115679856544062,-15.426684500270932,-8.717905600745297,1.5368415135898263,4.292774723747896,-3.9714074078961668,85.40071823304294
19.03.2017,-12.182745533625203,-16.035541924804036,-8.725963756541992,1.6623059858956226,4.728827321946124,-3.747177050678423,85.4787989217365
20.03.2017,-11.62008160399047,-15.209667723810805,-8.963844269543973,2.052023718490485,4.511956183828511,-4.446689090532851,84.32839415637763
21.03.2017,-11.760160838404495,-15.73147085714965,-8.94752929991709,1.8261684690105424,3.5435844688126634,-3.5644102058209888,84.67219812681674
22.03.2017,-11.287915702264103,-15.748176195042648,-8.488122766556465,1.7610489592054133,4.770798861739897,-3.8506442535123413,82.41021489771133
23.03.2017,-11.145029678838922,-15.181183257635208,-8.326791099834626,1.6360610146978403,4.833180819764841,-3.4491102056510505,83.5422496008559
24.03.2017,-10.825147059828168,-14.733584159934015,-7.666945036383235,1.7803474132736719,4.438326192621815,-3.2542820099190854,84.5973114831919
25.03.2017,-10.231114984393518,-14.906230951544838,-7.331654559419359,1.7667638860160548,4.510389486997889,-3.518764806736036,84.30093510185564
26.03.2017,-10.71796122619826,-14.604432837055445,-7.3583318093308465,1.897163426239733,4.922683228094932,-3.164326947749316,83.40794800073937
27.03.2017,-9.921076301798644,-14.435341146255675,-7.018072879397536,1.792892747232031,3.522051500688279,-3.4990235933258833,82.85230549559813
28.03.2017,-10.039399980248728,-13.979365081080953,-7.296524068300642,1.736355065575165,4.11812967681801,-3.2461992248667157,83.85801568337229
29.03.2017,-10.050060266899287,-14.408541193189537,-6.352554610279514,1.5518990545051479,4.405261166982842,-3.6610742605816333,83.0381467726561
30.03.2017,-9.751015437219616,-14.076745324675235,-6.439666701837936,1.605039025629145,3.889708699657192,-3.1887081161819038,83.64045171236307
31.03.2017,-9.579431722677704,-13.627319053009598,-5.57756820750065,1.3856915408996784,3.915873697975075,-2.9263293892015643,83.40540164660237
01.04.2017,-8.647801433770084,-12.988203680127379,-5.398263077805237,1.4235394591460249,3.8205735136679757,-3.25998735237138,82.10903622390371
02.04.2017,-8.502265603736678,-13.340077830375177,-4.980917616851314,1.425744984559753,4.05100550016807,-2.619219660260785,84.0888024319064
03.04.2017,-8.528856179609548,-12.92722120773189,-4.83717372368678,1.2799665429321025,4.46076315225357,-3.6034038817778105,84.07222873563894
04.04.2017,-8.004334013497726,-12.912678850524513,-4.821319627256403,1.3534409566083698,4.147891541455074,-3.147825879806935,82.43620615625751
05.04.2017,-7.6917287789690105,-13.230179954974384,-4.575705722286543,0.9883826159000623,4.212330234263574,-3.559910703750946,82.37628013424423
06.04.2017,-7.2269201595114705,-11.894181813954388,-3.499880871716627,1.0087800915986278,4.463331851039442,-3.6595888352631305,80.7331778710605
07.04.2017,-7.060173205686744,-11.364074255581285,-2.573845661548034,0.9171709397977189,4.894362331918991,-3.688806994459539,82.58858749468132
08.04.2017,-6.8099326223681285,-11.43048573456937,-1.8469821116192466,0.8170197630624009,4.641540613412277,-3.8257977728243193,80.8327941231948
09.04.2017,-5.320496774931963,-10.582064143444276,-1.264858394234792,0.8073673834089515,5.107874942607854,-3.2667905138625923,81.31376788575764
10.04.2017,-5.993710970017508,-10.396823376435314,-2.1342697132406134,0.8106749069383081,5.056808442332589,-3.6252778081765955,81.06209204525544
11.04.2017,-4.802648838698102,-10.88956541898272,-0.3840115303147742,0.7167386359857184,5.658793831534006,-3.965113312888487,80.49437951200022
12.04.2017,-4.922444782804704,-10.477569056685175,-0.46392826854801505,0.4791790551252208,6.210391143350561,-4.344844615896043,78.71280420915505
13.04.2017,-4.0401576581186855,-9.183325510534539,-0.266058855838132,0.6845412862945811,6.03414250425595,-3.7871517066727227,79.46138527774079
14.04.2017,-3.79203038026552,-8.418429714990717,0.9998429664378105,0.43166672939547535,6.854729747136174,-4.238833000020607,78.40071986706141
15.04.2017,-2.5692495573042864,-8.660381516538866,1.1239691527024946,0.4953931869080246,6.582292532611122,-4.676316144636317,79.54591295213946
16.04.2017,-2.3459120631865273,-8.88434314335887,2.295695827227058,0.3281612089738887,6.59520297410684,-4.156203061296193,77.49948370932401
17.04.2017,-2.418530768657304,-7.81111064644467,2.4161388879742414,0.5785019884516842,7.037899136973824,-4.491126144062628,77.15760026865726
18.04.2017,-1.58532509140339,-8.114963098163464,3.071533082345518,0.22672682675200634,7.820980451704225,-3.823025906335579,76.69232141892212
19.04.2017,-1.419746551314203,-7.935406823513995,3.2391802637354306,0.2863656855177464,7.584224082412608,-5.042343439013853,75.61378968476886
20.04.2017,-0.7024234451338232,-6.520228544199545,3.603805283224939,0.2914697756303581,7.951376971805084,-4.71158560538927,75.08150003856066
21.04.2017,-0.6366186745445153,-6.216007435366906,4.37018772842631,0.3462885965454025,9.36950152146827,-3.8027837804963647,75.38869457514967
22.04.2017,0.13090387547219695,-6.257237925535243,4.972691899942066,0.3758374923058683,8.837625734610143,-5.070442800649576,75.00760666570113
23.04.2017,0.21603202500882415,-5.7608422384833275,5.394934320650576,0.3182838516937286,9.77640028206163,-4.7591829236882495,73.60321376010867
24.04.2017,0.5884287338208495,-5.386729504316489,5.051175695573457,0.36790938616437546,9.336970198480772,-4.783004855433473,75.17809297644992
25.04.2017,1.0809000965874238,-4.479517154852926,5.940190648311082,0.2687116304946559,9.70014756923926,-3.960275798759076,73.45867002492653
26.04.2017,0.7884381412987223,-5.369002809591131,5.6981684264618035,0.3341316829777956,9.607065709230259,-4.598642897126997,72.54905595271805
27.04.2017,1.465014910570319,-4.5860813722474285,6.400252750409359,0.26293967833915566,9.99608151142618,-4.160338353872091,72.8307619691702
28.04.2017,2.01506711160959,-3.916796962799538,6.5770339582534545,0.2891056687719586,10.120556256699494,-3.9410964923957565,73.31345534879293
29.04.2017,2.926568862892305,-3.9764423649293574,6.795185289397831,0.40467208894185625,10.49906555877864,-4.530796683927347,72.79515988524466
30.04.2017,3.014127084582747,-2.6713100127996574,7.123592786953465,0.3324814977809754,11.127189537512574,-4.179862699678786,71.60044268900398
01.05.2017,2.871587362439684,-3.9668312878379353,7.271397385367628,0.5626654997422516,10.89760377917933,-3.8936446396240996,73.94473120003023
02.05.2017,2.4046255668424994,-3.7995273365864763,7.2775420933673685,0.4138348627090227,11.122962154842924,-3.5831473419845716,72.4027355946642
03.05.2017,3.4100860819888577,-3.776828550147111,7.65012921123638,-0.13210573989112348,11.786413663762978,-4.854903665041223,72.98299442448013
04.05.2017,3.55180386492125,-2.428052902981118,7.913481456878886,0.12719251278749788,11.441199023441206,-4.065601285845695,73.19378966884504
05.05.2017,3.2889792905871924,-2.311668628721823,7.874834587904923,0.014951102066335464,12.421079869692301,-3.3090616079711093,72.7346377842726
06.05.2017,4.020436715371081,-2.142405920118974,7.530389886041259,0.12803387471822691,11.599876167061018,-3.767798810439287,72.38093007143245
07.05.2017,3.940070178864022,-1.9671212855023297,8.255565495637715,0.23584225194603023,12.423832174094398,-3.576980498116284,72.8471238146161
08.05.2017,4.672538956145175,-1.3302613783662955,8.4691253896101,0.42837757001806975,12.070256002635672,-3.659294744667827,73.79886279984228
09.05.2017,4.482045650171337,-1.4491607742327706,8.903964055602659,0.0765934397343099,11.818854471103787,-2.724269604136423,72.37591621105538
10.05.2017,4.410963186116808,-2.3917455672833507,8.464714139418149,0.10766032155714962,12.513975975746575,-4.43964753089254,72.83595018562562
11.05.2017,5.776504494594722,-0.9308920554611986,9.409950078340575,0.2441796140586402,12.868652027371818,-4.283154032871047,74.09336532743953
12.05.2017,4.9215431860715775,-0.08684798904087467,9.476789297024492,0.2749308574488674,12.77841638322603,-3.5048787216604587,73.76236500505104
13.05.2017,5.793781135665871,-0.4262609393684218,9.6320201790319,0.06005659652417757,12.58114364976015,-4.115657015075325,73.25701023953631
14.05.2017,6.480687057273222,-1.0639535122697248,9.722571047624037,0.2985838076089765,14.051877173566512,-3.738048751956937,74.59056981183947
15.05.2017,6.145326179800112,-0.09844909666870233,10.498898437675528,0.1634868717480331,13.33085272506122,-4.228100316808463,73.29045944219378
16.05.2017,6.463823215096351,-0.3580588856240788,10.826033581540022,0.2307216340576116,13.240337057424288,-3.1346436467254875,72.62123346382195
17.05.2017,6.52349853451951,-0.27757044620868876,10.494062766981827,0.09248861127283804,14.236337331030345,-3.8072145195429297,72.02585688522734
18.05.2017,6.778317728740412,0.3909020232868703,10.441804152234768,0.03073692468813163,13.452480950140725,-3.7315252581804574,73.53705626285435
19.05.2017,6.943821175799583,0.44462688081172036,10.657060298493715,0.04601158771536936,14.023104193271303,-3.9960811741475415,72.91151809206214
20.05.2017,6.592089719810787,0.6235810780368659,11.004278901224255,-0.022890516667159546,14.2315538517536,-3.3692042030240312,71.6860237527308
21.05.2017,6.686257374311424,0.6127402513039543,11.602574671551407,0.1030276184950036,13.948002926072503,-4.08173613983473,72.86485062276425
22.05.2017,6.897056480775223,0.3930788047232689,11.021465222001536,0.229663335182618,14.033770173358343,-3.6054748614990535,71.90763799096084
23.05.2017,6.750988543675187,1.0393332729765319,10.866172079359128,0.06336447492656692,14.167723060532147,-3.8698753330626983,72.6295729255084
24.05.2017,6.96953281404387,0.58675001079813,11.328046841563868,-0.09079854332542926,14.889390506331603,-3.9523257528052618,71.52090994794116
25.05.2017,6.690180239300462,1.4303395977720093,11.731267716125707,0.15335612431855775,14.825064762194208,-3.475446813519431,71.98458218499559
26.05.2017,6.512594959231318,1.5356835729457061,11.356131908926335,0.008501084612650256,14.81685004698329,-4.370181261896039,70.27814952964846
27.05.2017,7.501738611324921,1.6021098488411438,11.537292563765916,0.1477105829791971,14.64480385206076,-3.922245165200365,71.29180216938332
28.05.2017,7.727458029103386,1.2471349690138331,12.295513982780388,0.33630040849347687,14.432017237958629,-3.311011309309817,70.85310132986983
29.05.2017,7.751943881416553,1.4781768899182965,11.455346753470378,0.5041890718919739,14.83387208488961,-3.57070826254163,71.98580016724007
30.05.2017,7.416101860109322,1.9017587652266021,11.773663130252208,0.1018629447437492,15.39872809096213,-2.9996545002663892,71.05362476173487
31.05.2017,7.36468968463496,1.1983327804881878,11.500947139204005,0.18678954530532751,15.04635537396515,-3.93253231383419,69.57737529512472
01.06.2017,7.194912408872597,1.5617074968041187,12.230924212757508,0.18081771836543845,14.724746730926814,-3.4060469427155255,70.73330970702285
02.06.2017,7.641390527608412,1.5895848647193007,11.739042606365523,0.2924233139870668,15.426432014399445,-3.0800095092052664,70.87830695501803
03.06.2017,7.876159331818,2.2122778648898196,11.444782767171782,0.2501232625372038,14.886013219852792,-3.9338212959004752,70.97319648405465
04.06.2017,8.042350054501247,1.6492631943041611,11.960697366856037,0.30475005547528516,14.99789069308639,-3.2590296257096223,71.23849196121648
05.06.2017,7.165637476799885,1.6289786868524783,11.301987258692861,0.2459804653216961,15.323688853297954,-3.654009231024984,71.74753231845688
06.06.2017,7.461169307497356,1.280126018340815,11.539325038192839,0.3278267970646342,14.306426122503868,-3.4485825443136044,70.95962115640619
07.06.2017,7.041141873759656,1.9854900041897887,11.187006557392468,0.04500017884824655,14.706664887833808,-3.0984495846789617,70.01028681263863
08.06.2017,8.1303195202905,2.4035543876886196,11.768080514913244,0.07115920466730576,14.684571938541783,-2.8782814020054537,72.40819940793625
09.06.2017,7.27050570199288,1.837920704856925,11.46983200393197,0.15772087224106215,14.449820131974503,-3.7059163967801343,72.45132958159499
10.06.2017,8.425139344685379,1.236511123105369,11.439000234652559,0.04719892068951844,14.149851714361818,-2.9677550588854587,71.19102939725006
11.06.2017,8.071566331148844,1.6342787434536763,11.461252675735768,-0.024706282958556917,13.91108332397876,-2.6272800432311576,72.0859120941363
12.06.2017,7.533454326112416,2.0258779583682194,11.425249488641695,0.31983057640268514,14.448499043160595,-3.0322159885423856,72.77373676592552
13.06.2017,7.498524235359381,1.7772782717690148,10.940455086159416,0.13607566645173497,14.193753394574673,-2.618234738986423,74.43854778361431
14.06.2017,8.219810019876107,1.9180845047868738,11.51247312632668,-0.05373548947791887,14.888475591245248,-3.4102170775248455,73.6114280044701
15.06.2017,7.975683790391476,2.278169474609648,11.941717550943745,-0.01039484513957634,14.562429352859715,-3.3021243613390845,74.22996370472613
16.06.2017,8.409741853820584,3.3413815519037358,11.4183945606559,0.15987883964014452,14.697328498595729,-2.7769723555930566,73.3435292632725
17.06.2017,8.621405954839853,2.3226277629061927,11.954824303289552,0.1694770704872092,14.932028150952558,-3.5767275571918575,75.4880856098695
18.06.2017,8.630874760465293,2.158512124129792,11.931686593270785,0.163211405320377,15.009240005801283,-3.0966908117275866,73.91389686582778
19.06.2017,8.414697126533998,2.9227526307783704,12.179227923690398,0.00028543154276689723,14.420534274588347,-3.2746362659872292,74.90460003536322
20.06.2017,8.319127331316603,2.4777489274591162,12.099457854100335,-0.07729379532480413,14.280343603740356,-2.7890843400871006,75.15474790402875
21.06.2017,8.716940562486425,2.0364340774584626,12.358644616981056,0.056387221744099346,14.871439648039551,-3.7182528249397766,73.56416790426299
22.06.2017,9.157603070474714,3.5703133515682697,12.173821762148746,-0.300886177135598,13.979829329772196,-2.9860689178919197,74.06582692394689
23.06.2017,8.961170321208149,3.30400809122913,12.651398122274337,-0.11500241517762204,14.45626025089515,-3.6271970928020782,74.79183594984082
24.06.2017,9.317851837565357,3.2419751792973903,12.830136399983852,0.0002666177297170716,14.23985937362071,-3.889215645239689,73.41650930796627
25.06.2017,9.834338967793343,3.566000753766192,12.84681970456539,0.04888605288505459,13.39496888096083,-3.0290738238851205,73.53843036231342
26.06.2017,9.813354026441965,3.9166603128523145,13.074393754208614,-0.20445124404855577,14.48637447494382,-3.8711971766971893,73.27745698224133
27.06.2017,9.18653337121666,2.877946946521051,12.968863439347746,-0.21462785615394955,14.261311657340613,-3.174286378375905,72.33722599541915
28.06.2017,9.607368096062038,3.5959933768883117,13.609348760255767,-0.3413979031452837,14.715430050614495,-3.966431601441878,71.9032833514765
29.06.2017,9.941719566947171,4.094419878812321,13.02179420727855,-0.09122621305666559,13.907661932094213,-3.510725714640436,72.37217143166829
30.06.2017,10.454246616558104,4.021888694857005,13.543022124194659,-0.0381283007820328,14.794390971032685,-3.5936048688168523,70.86464088052581
01.07.2017,10.029514114481987,3.853947349327165,13.850836003931427,-0.07267785553753837,14.525599167388288,-4.089816111875109,71.59956061205877
02.07.2017,10.155581097793597,4.545604907404916,13.759683916360688,-0.037326243209532525,14.500407792423786,-3.0675000728830675,71.01936008864611
03.07.2017,10.490255911067953,4.279538280488783,13.871171254871228,0.08242151473264467,13.783345545687608,-3.896824818761571,71.15783735374265
04.07.2017,10.035576778958703,3.9881832263445447,14.330680169461306,-0.24532057143435157,14.057449981204991,-3.7132190294552267,70.07154122404816
05.07.2017,10.126534174125753,4.115203086779899,13.953895978121167,-0.19756432718387115,14.875243720406045,-3.828241806429519,69.33470742558147
06.07.2017,11.062872400332699,4.607315373906279,14.133891132163082,-0.10805134628677598,13.553976828379893,-4.061877667054682,70.0816782614302
07.07.2017,11.053614785179663,5.175320868418523,14.40674454038338,-0.20642803598922654,14.433999789424712,-3.0188972885384966,68.828394650175
08.07.2017,10.968320110810062,5.270175231638459,14.5481657526858,0.09450882889137875,13.584218267468296,-3.0024028665513134,69.33259189253491
09.07.2017,11.255618112913771,5.068466873385319,14.920681280596993,0.0322700368283383,13.518643966360901,-3.0816504480436246,67.92594004152399
10.07.2017,10.572398217795959,4.06662450944812,13.997656563194703,0.2698995911276067,13.485494906861069,-3.5622285312915483,68.03056424717178
11.07.2017,10.251320711646253,4.6494056890520135,15.094669011020398,0.3441726596765079,13.677413815583806,-3.0202453013312396,68.07558340926613
12.07.2017,10.001321419110429,4.224501269694277,14.325769970673315,0.023487339350555282,13.358443415768766,-3.0359122670138516,67.53039127190598
13.07.2017,10.830929022942392,4.372873403528328,14.320162289546486,0.0035105578733587396,13.49266134851925,-3.155017924065736,68.01004735682517
14.07.2017,10.685803460431028,5.035964946962499,13.631207445791837,-0.08882888510432395,13.50613866702843,-2.949593262406079,66.56688985728464
15.07.2017,10.7249054646793,5.421930726144708,14.894588331645352,0.05660751770243583,13.41510216260803,-3.6471522095362854,66.97069603329713
16.07.2017,10.638528701715954,5.11315994905287,14.93186232659419,0.2944230593300119,13.106155433745311,-3.1145033819100614,67.34537145111383
17.07.2017,10.472465511972132,4.906049533241815,14.955937854808367,0.10827935371510294,12.569627570965043,-2.58906258623716,67.63650876481235
18.07.2017,9.733272379196821,3.6272391796588224,14.2284974311613,0.06619610087590005,12.707345688559451,-3.057417044304784,66.29279237765508
19.07.2017,10.092219948547596,4.482230290445686,13.724100083476339,-0.1344115112733688,13.122083349247575,-3.146023537504745,66.5054248996525
20.07.2017,10.01861102550216,4.823675112700651,14.741536458533856,-0.2910548213838123,11.949628000807595,-2.5556892365803456,66.64461204921737
21.07.2017,10.366894955027298,5.557998472194261,15.33780933331367,-0.3308064028456272,13.04005718534095,-2.9195573777161252,67.81727080317393
22.07.2017,10.626445766770475,5.043221553148298,14.830133292967094,-0.29921650545310674,12.542405503840492,-3.0081512421039704,66.93941001396881
23.07.2017,10.618973945095034,5.552500080698965,15.021337089051753,-0.06622637035803683,12.142141514775686,-2.57782919257505,67.96629671731638
24.07.2017,10.57465730706076,4.777853894143373,15.231226653508811,-0.18899783901012226,11.58906610605724,-2.7421828380072175,66.93136457393223
25.07.2017,10.75216653036348,4.5825181242872635,14.772498924346328,-0.22862080934502646,12.276885277199238,-2.3392980091797604,66.872276106998
26.07.2017,10.37257316053267,4.330762416251706,15.452393901884012,-0.5013680980487126,12.184454621545076,-2.850371958195246,66.47047896625621
27.07.2017,11.431761392575162,5.410917825898337,15.466702100589744,-0.41726397896743045,12.184280749639012,-3.3032565379819996,67.41402580436029
28.07.2017,11.187685502084065,5.69466073351998,16.212644159566246,-0.316628537452272,11.934815841457342,-2.6967238425205546,66.3891362005713
29.07.2017,11.335336822300006,5.333611262881627,15.930444013333416,-0.2723266863950941,12.31621706040002,-2.957891396222968,67.01954235086555
30.07.2017,11.442272097080295,5.286430057830976,15.97566336071056,-0.3636934078724489,12.254172441252795,-2.5196206229405176,66.5022321106311
31.07.2017,11.054755109872838,5.5468169413426756,15.710378652330363,-0.42040225061096664,12.097530508253705,-3.0729932667287074,67.07892940620324
01.08.2017,11.42079296890969,5.406135903412748,15.816714287279186,-0.3608821639196321,11.722609097600788,-2.6502558598609576,65.74594664552782
02.08.2017,11.370392823130645,4.647147806103351,15.482497580460029,-0.5540568756776965,12.443875223586478,-3.116723856686383,65.47443451717442
03.08.2017,12.16945995884222,5.460898142783937,15.627728084534185,-0.3732711114651781,12.424574025294309,-2.782527246675987,66.11243100869065
04.08.2017,12.005536673870296,6.8668502030622935,16.1685546470718,-0.33685437373636695,12.020144635444309,-3.2070767351403613,65.7941243213142
05.08.2017,11.436972765719347,6.263114413195652,15.948645981127477,-0.37028104855804983,12.28753249686704,-3.3321235148042465,64.86832509871152
06.08.2017,11.428293194936638,6.317554603251275,16.066868288106253,-0.3380505716716155,11.783843498900218,-2.6540636247928333,64.69265320868367
07.08.2017,12.140098027228117,5.667054364428247,16.244852368568445,-0.4455590145599064,12.144330270726854,-3.70534595536534,64.36088060339748
08.08.2017,11.615881799329651,5.479242151562255,16.857614649823137,-0.21573809273444397,11.48836046114867,-2.744250376029003,64.4759291349605
09.08.2017,11.318492491256057,4.759652207143461,16.39627921206747,-0.375966023224764,11.52383401110397,-3.578082176619313,63.49310497850945
10.08.2017,11.532679012618788,5.386676384114429,16.13545339980933,-0.43010935266743283,11.517971988184465,-3.396174817894115,63.88997510578121
11.08.2017,11.340740305503129,5.133956718803614,16.050661211434733,-0.4320650882803812,11.617308119855526,-3.247356496130961,62.39206761579164
12.08.2017,11.420740802329728,5.6746410843137856,15.670708955453195,-0.1881728117819937,11.11197232244006,-3.366562404909357,63.14204417056769
13.08.2017,10.934202625943263,5.001760927560113,16.03398834863874,-0.0500648974445842,10.932671147322768,-2.511868267314129,62.24381886163777
14.08.2017,11.235942504653968,5.051832835963903,15.142366324450801,0.1927385850483207,10.987947774668273,-3.8214916564285217,63.5244317925666
15.08.2017,10.21901185706417,4.2964747706978965,14.577902456617995,-0.1603474126535103,10.416752233987781,-2.9026887618706763,64.40817422996211
16.08.2017,10.102206740052065,4.24660527209467,15.569533831533898,-0.16880198484180267,10.092902195681223,-3.821486760563503,64.81221579823196
17.08.2017,10.549939301574115,3.835162555730921,14.372824541991733,-0.14367610624720245,9.779145232711276,-2.889338232106456,64.58863088542644
18.08.2017,9.048962451212219,3.5250288251841866,14.501551886220172,0.12613109012162704,9.515616489789723,-3.182803223939987,65.61642389641908
19.08.2017,9.694091554640899,3.54091339184753,14.031479547956488,0.15550459563654143,9.107273843598625,-3.044356110283157,64.57869580102358
20.08.2017,9.312507000006928,3.78613610207228,13.853775207629877,0.21430559730496745,9.032239657026752,-2.8199938571469936,64.89566887805636
21.08.2017,8.884380618482368,3.1473375644212593,13.486032609437778,0.24406012473873093,9.067507361667927,-3.2914671109999607,66.13188463759617
22.08.2017,8.102028739273273,2.216338789407216,12.594153148585972,0.33913462628914637,8.388739949736825,-3.107028912785894,65.43647364255654
23.08.2017,7.874370011806393,2.169702492303905,13.165691797909306,0.023858892601741396,8.90020452937501,-2.9703370292327467,66.62928096982698
24.08.2017,7.488207213432652,1.9663939500787198,12.52127586387284,0.2109918294311411,8.425676312020583,-3.6066277813104257,67.29676298424513
25.08.2017,7.108995557053347,1.8235850772037316,11.592284670254289,0.16325590297588471,7.920260423255273,-2.856662426046066,67.25603024500239
26.08.2017,7.200186371214116,2.284999518235056,11.74098894334343,0.31239128153315343,7.111754092456736,-2.8393052768742413,68.21320776202535
27.08.2017,6.951497882275193,0.9152142595609093,11.360049851140545,0.1997031527248712,7.418833076386272,-3.2400494714161425,67.9044992969038
28.08.2017,6.89297856272854,0.5905685626405361,11.105602817018022,0.3297682543208296,6.6887012416891,-3.0975605059226643,69.0568421764956
29.08.2017,5.800389533453692,0.16825883532132827,11.204784626881636,0.32339791336551016,6.47135145253753,-2.7945873677454025,69.45477832708872
30.08.2017,5.781136846704519,0.2790508924010218,10.028925296063367,0.09243354219960093,7.0838833751059695,-3.902428717257716,69.25418172010747
31.08.2017,5.521029072185085,-0.28635222171493385,10.37591574908655,0.06967618806237676,6.773571792421659,-3.5577509403066987,70.20995916794084
01.09.2017,5.852328195927802,0.11485992136383312,10.00302670295272,0.08884980962020812,5.8496651537107525,-3.8627662158359555,70.30912870389763
02.09.2017,5.007407471611556,-0.33099531816817135,9.591220786683719,0.1093009457177373,6.719429267129807,-3.3667487148827298,70.14488940028224
03.09.2017,5.341863379607316,-0.7746003791992553,9.416056948343126,0.2175322583318184,6.376548561725796,-3.5903164760623647,69.07690306607053
04.09.2017,4.389272593505608,-0.5818120304007519,9.06981424088558,0.14032012034994762,6.334715092520531,-3.379648102599208,71.69133009226739
05.09.2017,4.080163119408594,-0.7051358383219928,8.860757706866938,0.16220371599323452,5.318292723072368,-3.8913988450250905,70.25563505621633
06.09.2017,4.890351200668972,-0.9450660097926343,8.877037961510553,0.10134532819256035,5.897205539548586,-4.269609216206402,71.69809650324748
07.09.2017,4.899256294274193,-0.5804491097804696,8.021396844924032,0.07354630950049286,5.802988543368988,-3.656424889287841,71.24796293900295
08.09.2017,4.069940347757155,-0.8350248281610302,8.77328015032354,0.14668358095991066,6.082449142996114,-3.7096002731657567,72.63937680781889
09.09.2017,3.733981166468299,-1.5089088964129063,8.142442325988906,0.09476693990688496,5.053070672526615,-4.871531933144341,71.06782250374027
10.09.2017,4.017984424620208,-0.9291855562474576,7.95945396370472,0.24792188324489992,5.607681889547749,-3.8972580017564318,71.57561544936662
11.09.2017,3.4950465390052052,-1.8617833495918858,8.18211776071181,0.4160151049799955,5.0656636644685396,-3.831960016486624,71.22325402221807
12.09.2017,3.2518491803868277,-1.2287018122518774,7.381031800540751,0.17707175146518897,4.828374328680738,-3.7548626090248076,72.75923187567817
13.09.2017,3.4680638457687984,-1.590203819946709,7.90978376559117,0.17589572145071888,5.990901884606108,-4.869076758973131,70.69105066973086
14.09.2017,3.8271459750570127,-1.8766247664518196,7.668214005790174,0.09026091022842751,4.911668487556944,-4.012834457818019,71.7700516300428
15.09.2017,3.0738131615846966,-1.4094228720646789,7.892868293419974,0.31174989811321163,4.90316617106509,-4.026916770217429,69.98863047542768
16.09.2017,2.6883986875184234,-2.053147890547242,7.316397339623718,0.30624840082823385,4.050260665996671,-4.315992111945789,71.41003661215598
17.09.2017,3.1359469288399375,-2.2325462906348377,7.5933315146804885,0.38562794431772157,4.0063431933199425,-4.17162170921319,72.21854271925883
18.09.2017,3.3212988040092335,-2.655485067037168,6.327044927425178,0.29287502100091034,4.325197194165021,-4.3048265338301,71.78400261452713
19.09.2017,1.9898734506204723,-2.608478696176512,6.453315324034201,0.39342944046456935,3.1925413886302594,-3.9667895627036494,73.1496475435541
20.09.2017,2.4694138845364932,-3.1052529270762834,6.000754475361775,0.28462780973811,3.530037688425424,-4.218779988029807,71.14243155164678
21.09.2017,1.9703078339076203,-2.651373456430863,5.700747610955171,0.3147261590474766,3.4736432494473433,-4.10439206009117,73.07493903629421
22.09.2017,2.0532401010055272,-2.546975911304765,6.27187970676941,0.32785275313217654,3.1189577616766413,-3.9983999982905964,73.08532661988586
23.09.2017,0.8587487899704614,-4.079572629356336,6.251622708249851,0.5258191683644652,2.9803254757554183,-4.211950416580998,73.93066631329364
24.09.2017,1.3437057036591675,-3.872777226452379,6.129112721264941,0.6495437911615174,2.5020170757109,-3.7778627539686025,72.63002758586134
25.09.2017,0.8955679032327735,-3.8874345195940174,5.0351940595333735,0.547989264033974,2.2892992656903877,-3.616005566124924,72.83093435473374
26.09.2017,0.6317683419883652,-4.082459916416893,5.27020295531119,0.6611819602580842,2.304301854184007,-3.5536802369200187,74.84054762488424
27.09.2017,-0.2721632623946201,-4.422923764762565,4.382784686694316,0.2528692505759598,1.9091329046400438,-4.836739295880008,74.04069572868345
28.09.2017,-0.21069077039893863,-4.8738095334324285,4.227736774963852,0.6215660074794662,1.2434602138320405,-3.9760671866315205,75.15341328290924
29.09.2017,0.6272988989827939,-5.691486114247747,4.064186333203469,0.504234856006655,1.3385499832429615,-4.4279103827208415,75.51443480469537
30.09.2017,-0.8130004871680755,-5.294149462003056,4.1451031457150425,0.3337888075220775,0.8271307438261107,-3.822490005514308,76.11005090145369
01.10.2017,-1.7407713564791831,-5.031918928296763,3.2416654072057027,0.5348139793565962,0.6362665519422912,-3.8676059429513368,76.53629401960046
02.10.2017,-1.4985993508307713,-5.881942728484025,2.69787459204686,0.8310216375227725,0.6697806335706006,-4.569489719595093,77.59542361100976
03.10.2017,-1.8819016731736276,-6.1585323447249625,2.0633982827901347,0.5735640011723183,0.06600876613461776,-3.619131007613019,77.39652078856138
04.10.2017,-2.1879578463413134,-6.503660051705367,1.5193770733244252,0.31085950712247834,0.6457138146119563,-4.430751759650558,77.06592070080852
05.10.2017,-2.655236352194112,-7.084527440620996,0.9616619996628138,0.3801059878272792,0.111483344575834,-3.754553568241108,78.46520204949347
06.10.2017,-2.6240973844779414,-6.782076830078507,1.285989983048485,0.2702286536489429,-0.09520452550924034,-4.059026705367204,78.63470243781062
07.10.2017,-3.761857618960533,-7.255580999777007,0.11867579516770772,0.4837491429469752,-0.6733621758857421,-4.052118109183152,79.33933348622095
08.10.2017,-3.6833982837043817,-7.854587908005449,-0.20307777651627484,0.42997576636369034,-0.8572635196410997,-3.9447319169223003,79.2583747371315
09.10.2017,-4.125588358651885,-7.8162999112021145,-0.3896357517555717,0.5639475469411561,-0.9030862965736199,-4.4275145266947264,80.43128977123777
10.10.2017,-4.826092020523453,-7.96908476097986,-0.9135740803584271,0.38392517652809705,-0.9498223638559196,-3.933456505561854,81.79543110524743
11.10.2017,-4.374992109590495,-8.623230070680686,-0.6942253957589802,0.14448625319630587,-0.4684749369405814,-4.521628926604857,80.09153665582055
12.10.2017,-4.35523718147037,-8.700444319204664,-1.3551543403844002,0.36193143433486785,-1.367430186390735,-4.1223537415558456,81.65502800718653
13.10.2017,-4.671622182259368,-9.513839367975832,-1.0876387630492,0.27931795341851245,-1.0850203246367305,-3.46204405706189,81.14716278912543
14.10.2017,-4.604728882515193,-8.95630804407901,-1.6337233369940012,0.08511112396487937,-1.994445814712163,-3.9313043840938477,81.8281226101496
15.10.2017,-5.665438615332443,-9.259369613908286,-1.7211303342563422,0.12490304992204815,-1.1159454630395056,-4.085752859440371,81.40974033551613
16.10.2017,-5.807122645936035,-9.592743211159025,-2.8579083234180955,0.31634770114148214,-1.563095201089014,-4.393271755871193,81.00226533988364
17.10.2017,-5.510673344262824,-10.412501985887694,-3.164190643240628,0.15704228987405056,-2.0424507793769413,-4.032747890551743,82.81156152067379
18.10.2017,-6.653876239283681,-10.183574168150722,-2.7734982988081804,0.09324953699866524,-1.9030543166208451,-4.719671462821057,82.14732211487994
19.10.2017,-6.343110852106697,-9.920848050015781,-3.1604892298911156,0.0875266069466155,-2.39852851431965,-4.574227855620026,84.22458956089446
20.10.2017,-6.332986301774505,-10.606526616540709,-3.2097141712876187,0.2875449605977179,-2.1939753075365287,-3.906300482720033,83.4298885723075
21.10.2017,-7.222246581722404,-10.285731665117883,-3.017175500223712,0.2418084256928421,-2.45831315521302,-4.052688188995589,83.51325049116184
22.10.2017,-6.85233441319877,-10.429546154588179,-4.217552502149037,0.2531268881797466,-2.2646751032289263,-3.1994246544405334,83.78776981330029
23.10.2017,-7.022025651240515,-10.866254904645427,-4.403000504210531,0.2752809035722971,-2.4026954427486347,-3.7489441947428617,84.53396222752096
24.10.2017,-7.718866138929282,-11.594239201553714,-4.099436018009568,0.32241341613840246,-2.603450411291076,-2.9640875512750084,85.27139551383364
25.10.2017,-8.070649357209383,-11.619756418123352,-5.00160906612953,0.4673458663697938,-2.147436870236717,-3.869568851903881,84.21859425392748
26.10.2017,-7.592984554185713,-11.085186065701846,-5.0312378628559955,0.2719937300428884,-3.4470535481819238,-3.074027778990645,84.67005493117884
27.10.2017,-7.791801178839985,-12.134074285107786,-4.866710756840239,0.4190715412127405,-3.730308439682588,-3.4801472614628413,84.39099176471989
28.10.2017,-7.503763265653115,-11.573138699982929,-5.174866200842174,0.6349273211643983,-3.724051240067966,-3.612634097355368,85.75915305887997
29.10.2017,-8.743266792272607,-10.88033988189046,-4.539140874849462,0.6573468053833098,-3.0687111483679934,-3.5413453441563587,86.24481527744204
30.10.2017,-8.25144068061773,-11.581411207287314,-6.15279538442764,0.6430220278778841,-4.175380036562682,-3.17333002123973,86.74919018451494
31.10.2017,-8.690305999661959,-12.907567432246383,-5.951142552748066,0.5728885781485206,-4.167286536827212,-3.8687898738210103,86.91301970915661
01.11.2017,-9.193400469674126,-12.571587806807038,-6.0956103044202345,0.46740191045999946,-3.5195863128035296,-3.750472397905252,86.90070558195548
02.11.2017,-9.181569528118251,-12.483466176693668,-7.237689580665005,0.6679282185442854,-3.8206607897996996,-3.6522600897889403,87.4365500685464
03.11.2017,-8.833601554305526,-11.729843723175518,-5.900361841476596,0.647882981367844,-3.685024238766367,-3.7303902040331733,87.85316152992053
04.11.2017,-9.471800861010442,-12.385367019836055,-6.6003317351961925,0.7042164250001515,-4.841341815779428,-4.055072723163932,89.01544302877413
05.11.2017,-8.709924809451492,-12.400793138373048,-6.246561355464141,0.8818339555028508,-4.643172574518134,-2.9572713063384963,88.74934245547414
06.11.2017,-10.384974576385938,-11.81511424798943,-7.275514785430978,0.9195049346955851,-5.083314791807531,-3.031908433043134,89.43005294224407
07.11.2017,-9.990027833965366,-12.870156198884343,-7.29176166786171,0.9223268590766425,-4.285937877075229,-3.4677957382224665,90.11699993633758
08.11.2017,-9.988706076348388,-13.448276885507108,-7.770691320629859,0.7738746779414403,-4.265516846151648,-3.3237925644318147,90.58344493591687
09.11.2017,-9.973963184267712,-12.856824508392041,-7.834543636520136,0.6437446644213589,-5.567323144181344,-2.924081502344393,89.85731340926372
10.11.2017,-10.265698602312618,-13.035397161150467,-8.271038392896727,0.6706650193461909,-4.896766080295983,-4.003002690536223,92.61542407202043
11.11.2017,-10.529505147631415,-13.177873895965295,-8.492344322458692,0.8591850335917863,-5.782105751120967,-3.9654922453978045,91.07321564289049
12.11.2017,-10.418341191028256,-13.237293129243794,-7.856070285873825,0.9605857660445156,-5.428476924070681,-3.2191862148665664,92.67627540753088
13.11.2017,-11.212671749920133,-13.485057330114113,-9.625656463988035,0.9842051963621148,-5.925870296038156,-3.7298612100227593,92.34851984621386
14.11.2017,-10.914844853864096,-14.069520444496833,-9.166899610624352,0.8117300677890561,-5.797566385949198,-3.5751423286859723,92.2251336425469
15.11.2017,-11.645957831552336,-13.985532423066033,-8.929274916406284,0.5204274318608471,-5.255652871430483,-4.494771605835334,93.14451902892375
16.11.2017,-11.365636618971745,-14.060038512460869,-9.872542254408073,0.6885295786070628,-5.534238080283125,-3.4947124440753603,93.38096853290187
17.11.2017,-11.451081218018848,-14.953231943986983,-9.373442560415356,0.691269700191993,-5.42861725717967,-3.8790351713396443,93.67013984837936
18.11.2017,-11.284384193226131,-13.7048896402169,-9.604115372638942,0.8506635985854685,-6.011275710998075,-3.4813966277746706,95.08889291337115
19.11.2017,-11.694136202642913,-14.298582468961229,-9.99138704427159,0.6843613998127147,-5.937083884264085,-3.3985987924733547,94.25567285133741
20.11.2017,-12.232655705890384,-15.715470825960578,-10.886851951036798,0.7967378553240592,-6.1108608363524395,-3.910250704675447,93.86788657505082
21.11.2017,-12.8575120787075,-15.131087642560813,-11.78367814152088,0.5942169594266312,-5.420363144170274,-3.366730852674405,94.16383084083975
22.11.2017,-13.71361716266351,-15.97397381845518,-11.559588422950947,0.39105983766386254,-5.0233713931925115,-4.063966366788956,93.13311774443281
23.11.2017,-12.734998361515121,-15.070095519723209,-11.221682142210202,0.8325035787544574,-5.490524572510015,-3.887368755856556,94.6997053074756
24.11.2017,-13.063026183445512,-16.15353051187434,-11.757758601731565,0.8002351552383312,-4.8386907119252305,-4.322244022065426,94.86912229251892
25.11.2017,-13.247253818373816,-16.017173519705803,-11.805134167378796,0.9051214131959858,-5.357414442729056,-3.7618834757240043,95.59446386428993
26.11.2017,-14.004474841122466,-16.35910248847314,-12.187137968537192,0.7988751496087739,-5.261359986922767,-3.9219129953774106,94.34948373693982
27.11.2017,-14.31118712325525,-16.872901687533304,-12.04076917493859,0.8737718966045919,-5.555912244644495,-3.9067229590633072,95.78821714567759
28.11.2017,-14.583556190678086,-17.552718561357537,-12.814663945651874,0.860039734544131,-5.7886470739055955,-4.096755231089368,96.64376466165174
29.11.2017,-14.678590964209521,-18.19490529970358,-13.372521510025399,0.6428502459246885,-5.192755823859083,-4.466047215331539,93.7065947310592
30.11.2017,-14.980623816967238,-17.164246990040322,-13.725810577701248,0.7784544617188426,-5.7655058097771255,-3.6148851405256637,94.71587314189838
01.12.2017,-15.277658012700027,-17.999164706083885,-13.863689039140853,0.7714341834646107,-5.908694713123393,-3.7435542925471,95.19949448888619
02.12.2017,-15.125390497930875,-17.324454426851485,-13.95857383393644,0.7601152669182518,-6.205393320400056,-3.876169853397143,94.24438744738855
03.12.2017,-15.246949468223095,-18.344018293683618,-13.685736186460934,0.7791189249933997,-6.006037641485854,-3.8076927876194024,94.84939506524756
04.12.2017,-16.083745706807164,-18.314890114767977,-15.106669183015471,1.0691144688655594,-5.613791084370224,-3.37281019378062,97.11136060734464
05.12.2017,-16.196939451076243,-20.180121172067516,-14.725323454903265,1.0849466766238025,-5.7968685629952015,-3.3717994437385075,95.3673661511509
06.12.2017,-16.150246128260907,-18.994049210475563,-15.506540826569104,1.0680757565576715,-5.651349255735091,-4.045427420970989,96.23684436608096
07.12.2017,-16.936378159657853,-19.35141832468399,-15.989291483039967,1.1391399408225156,-6.004534434274418,-3.4261421296034813,97.44719711060458
08.12.2017,-16.69426589319718,-19.124017868596695,-15.337932368370048,1.2156387526295231,-5.815919192070592,-3.750959882554084,97.48142268312117
09.12.2017,-16.63778231042948,-19.766833961829306,-15.584138939695858,1.3366947744310014,-6.298181513479355,-3.8902729759160146,96.19710832917396
10.12.2017,-16.025574605925048,-19.385043231345314,-15.400959882717546,1.4612380421866964,-5.212616170443341,-3.8369006892572117,98.00524521100387
11.12.2017,-16.663136661164017,-19.983159369683356,-15.66222510883363,1.309566908201688,-6.041547506549475,-3.5487152012001704,96.93910021248692
12.12.2017,-17.625036463832604,-19.645163659352917,-16.11869727227789,1.4215214849586058,-5.392218567997052,-4.038853357237687,99.00336828722844
13.12.2017,-17.565024362680962,-20.331012814186842,-16.273263252740083,1.2126125361142268,-5.267943752073581,-3.752320817276524,97.28965571592673
14.12.2017,-16.821154177176346,-19.95955853303547,-16.619937776687355,1.5099681066366595,-6.709907158978524,-3.7523744413400895,98.52041872306141
15.12.2017,-17.441136986721947,-19.858076733380024,-16.35251382638647,1.628057471639032,-6.078554087252551,-3.7613049992988037,99.7008398170334
16.12.2017,-16.85925533081742,-19.05196234499124,-16.061350692653825,1.4226580046127646,-6.408749388327888,-3.994628367720111,98.7320096276204
17.12.2017,-17.293188179634026,-20.040384111550114,-15.717188020015913,1.5244180837984658,-5.817962227745106,-3.718792821752091,99.00540908588563
18.12.2017,-16.598809112267332,-20.337155234260695,-16.74651703364701,1.6940908432397506,-6.283432719761977,-4.023320766196835,100.1588679662233
19.12.2017,-17.088944592426177,-20.39500575935772,-15.85207842743039,1.5139178705988674,-6.457762287713931,-3.990599469515039,100.36384060498452
20.12.2017,-17.46699717288765,-19.58796141737168,-15.92073522390111,1.4396405277616973,-5.965443251446447,-3.9514411252373676,100.09489904873148
21.12.2017,-17.72618043541737,-18.897394154576745,-16.007337163610956,1.607921536114021,-5.57148203218879,-3.6906348710357415,100.26022078855007
22.12.2017,-16.84424303627203,-19.93743164488547,-16.420065435049768,1.7171041740169148,-5.788127325444164,-3.6905913074765015,99.88290589713397
23.12.2017,-17.277395114224795,-19.34905487219058,-15.939954900659915,1.5524072366176964,-6.33767794126744,-3.987545842140472,100.2092027563559
24.12.2017,-16.467550100261715,-19.903796717426825,-15.625987467202282,1.6361336632321386,-6.186706986036207,-3.8898486644966646,98.90217794349275
25.12.2017,-16.664150762536252,-19.854884739828183,-16.077164723530704,1.67913685788986,-5.752641869012131,-3.606704181756321,99.06093109157065
26.12.2017,-17.246932330281695,-19.810619751907662,-16.934477652001036,1.5106435798912485,-6.210204152879515,-3.502897170845905,100.04356724171878
27.12.2017,-17.385195545912158,-20.291936906803315,-16.49121105914815,1.4125794722089273,-5.403897949616537,-4.816143727101997,99.39252193243809
28.12.2017,-17.07838492465851,-20.295214698670723,-16.274882584206424,1.326869806049226,-5.97021858866641,-3.5697417302666294,99.99118459791512
29.12.2017,-17.612286592343168,-20.488981633756882,-16.33884697269129,1.4618511409750692,-5.674911058923247,-3.2326994823501845,99.17406025350365
30.12.2017,-17.021855449076014,-20.072652198879926,-15.945920805699366,1.400344830679531,-5.43974487631878,-3.6045471846082546,100.79629236026948
31.12.2017,-17.674319625605428,-20.442515635391064,-15.892141162550438,1.299234116655146,-5.495638030196463,-2.605337112462696,99.39336638866749
