de-date;tavg;tmin;tmax;wind;globrad;precip;relhumid
01.01.2015;-8.4;-13.63;-4.55;4.55;1.57;1.0;96.81
02.01.2015;-2.18;-4.57;-0.7;5.08;1.51;1.27;97.0
03.01.2015;-0.37;-2.44;0.62;6.26;2.32;1.2;96.25
04.01.2015;-1.85;-4.76;-0.26;6.07;1.53;0.58;95.75
05.01.2015;-5.77;-12.23;-2.49;3.46;1.8;1.21;95.56
06.01.2015;-19.35;-29.3;-12.75;3.34;3.52;0.16;93.25
07.01.2015;-28.64;-31.8;-23.52;3.15;5.18;0.0;94.62
08.01.2015;-22.79;-32.18;-16.85;3.64;5.26;0.04;96.62
09.01.2015;-13.24;-16.5;-6.38;7.24;3.17;2.27;94.62
10.01.2015;-5.38;-7.31;-4.35;3.98;2.81;2.11;98.44
11.01.2015;-1.92;-7.74;0.55;5.9;2.97;2.97;95.75
12.01.2015;-2.99;-5.56;-0.54;6.1;3.0;0.23;96.06
13.01.2015;-1.92;-7.14;0.68;7.04;2.77;0.94;95.0
14.01.2015;-1.16;-5.45;0.56;5.23;3.89;0.09;95.31
15.01.2015;-5.04;-7.07;-3.23;3.07;1.55;1.1;98.75
16.01.2015;-6.82;-9.36;-3.49;2.24;5.28;0.52;99.44
17.01.2015;-6.95;-9.77;-4.04;4.45;2.63;0.19;98.88
18.01.2015;-1.68;-5.57;-0.01;4.56;2.98;0.39;95.75
19.01.2015;-3.0;-8.99;-0.43;2.2;2.47;3.8;97.88
20.01.2015;-8.27;-10.73;-3.62;3.39;2.32;0.14;97.56
21.01.2015;-8.02;-10.6;-5.34;4.66;3.73;0.61;99.12
22.01.2015;-8.45;-10.56;-5.35;3.75;3.66;0.2;97.62
23.01.2015;-8.79;-11.7;-5.42;4.74;3.2;0.17;98.0
24.01.2015;-11.57;-17.2;-8.81;5.38;4.62;0.05;94.06
25.01.2015;-14.7;-17.18;-11.9;5.93;4.35;0.54;96.75
26.01.2015;-11.46;-13.1;-9.38;3.42;4.07;2.0;96.06
27.01.2015;-9.04;-10.97;-7.67;3.52;4.57;6.74;97.0
28.01.2015;-8.25;-12.09;-4.81;1.61;4.52;0.53;98.38
29.01.2015;-7.42;-12.17;-3.52;3.02;5.06;1.23;99.19
30.01.2015;-5.44;-8.01;-2.52;5.21;4.26;0.88;98.31
31.01.2015;0.04;-2.11;0.82;8.41;4.0;4.09;96.0
01.02.2015;0.16;-0.52;0.9;5.05;3.06;20.22;96.25
02.02.2015;-2.63;-7.48;1.05;3.98;5.79;9.3;97.06
03.02.2015;-4.55;-9.06;0.12;4.28;1.93;7.32;97.38
04.02.2015;-7.52;-11.44;-4.67;2.77;2.23;1.45;96.94
05.02.2015;-10.13;-13.96;-6.85;2.06;4.87;0.75;97.38
06.02.2015;-11.48;-14.58;-8.13;3.08;6.34;1.16;97.19
07.02.2015;-10.85;-13.67;-7.79;3.95;6.92;1.08;98.31
08.02.2015;-5.49;-10.39;-3.47;5.16;5.65;3.6;97.88
09.02.2015;-10.38;-14.8;-6.88;2.8;8.0;0.17;98.75
10.02.2015;-13.04;-17.27;-5.63;2.14;9.21;0.02;97.31
11.02.2015;-15.85;-20.13;-9.35;2.15;9.92;0.1;98.94
12.02.2015;-5.77;-11.48;-2.06;2.95;6.65;0.29;96.25
13.02.2015;-4.65;-7.1;-1.25;2.38;5.92;0.2;96.12
14.02.2015;-6.11;-8.21;-2.88;1.28;5.95;0.24;96.44
15.02.2015;-6.98;-9.48;-4.18;4.12;5.64;0.37;95.88
16.02.2015;-11.86;-16.47;-7.58;7.27;8.99;0.18;92.38
17.02.2015;-14.01;-19.93;-7.75;3.59;10.83;0.0;92.94
18.02.2015;-16.81;-20.88;-10.16;2.6;11.25;0.04;96.44
19.02.2015;-6.63;-14.93;-1.46;3.61;7.87;0.55;93.75
20.02.2015;-5.04;-11.63;-1.63;3.98;9.14;0.62;95.31
21.02.2015;-1.52;-3.29;0.17;5.31;7.74;1.06;96.0
22.02.2015;-3.55;-5.74;-0.41;5.09;9.81;0.0;92.12
23.02.2015;-2.19;-4.85;0.1;4.52;9.61;0.04;96.75
24.02.2015;-3.92;-6.31;-0.29;5.0;10.96;0.02;95.88
25.02.2015;-4.45;-8.27;-0.53;5.26;11.53;0.0;93.94
26.02.2015;-3.41;-7.6;0.04;4.25;8.76;0.33;95.12
27.02.2015;-0.31;-2.76;0.55;4.79;8.47;7.16;97.5
28.02.2015;-0.56;-4.45;0.66;3.9;5.18;1.14;96.5
01.03.2015;-3.2;-5.49;-0.81;1.09;3.15;0.2;94.25
02.03.2015;-3.73;-5.88;-1.13;2.09;5.12;0.25;96.0
03.03.2015;-2.67;-5.06;-0.13;4.38;5.65;0.52;95.75
04.03.2015;-2.1;-4.74;0.05;2.5;5.81;4.19;96.88
05.03.2015;-1.84;-3.33;0.01;1.48;4.8;2.95;96.94
06.03.2015;-2.05;-4.99;0.05;1.97;3.75;1.33;96.06
07.03.2015;-3.05;-5.84;0.19;3.1;9.09;0.54;96.38
08.03.2015;-2.55;-8.17;0.92;3.55;12.07;0.38;96.44
09.03.2015;0.94;0.19;1.95;4.54;11.9;0.08;91.25
10.03.2015;-0.37;-3.1;2.06;1.59;7.02;0.0;92.94
11.03.2015;-0.65;-2.97;1.62;1.52;13.38;0.01;95.0
12.03.2015;-0.15;-2.02;0.76;3.8;7.55;0.03;96.88
13.03.2015;-0.12;-1.58;1.01;7.49;7.14;0.67;95.06
14.03.2015;-0.31;-2.38;2.13;5.67;4.86;0.18;91.62
15.03.2015;-0.88;-4.79;5.33;3.52;14.58;0.02;83.69
16.03.2015;-1.1;-6.57;6.06;4.84;15.62;0.01;80.94
17.03.2015;-0.67;-4.42;5.62;3.95;14.78;0.01;74.44
18.03.2015;-0.41;-4.06;5.9;2.82;14.97;0.01;81.06
19.03.2015;0.03;-4.01;5.51;1.43;16.28;0.0;76.19
20.03.2015;1.8;-2.32;7.83;1.4;14.42;0.0;70.12
21.03.2015;2.19;-2.62;9.11;2.81;15.47;0.02;73.06
22.03.2015;0.51;-4.35;5.76;4.59;9.02;2.49;81.06
23.03.2015;-3.2;-5.26;0.42;3.25;16.9;0.03;66.31
24.03.2015;0.26;-4.47;5.9;6.55;9.92;0.25;64.0
25.03.2015;2.38;-1.87;9.8;4.57;13.98;0.0;76.88
26.03.2015;6.1;-1.9;14.37;1.78;14.46;0.0;75.81
27.03.2015;4.58;-1.83;11.93;5.68;13.62;0.0;78.19
28.03.2015;0.73;-3.31;7.18;7.47;15.79;0.01;58.0
29.03.2015;-2.8;-3.97;-1.4;9.05;6.34;5.1;69.62
30.03.2015;-1.17;-3.53;0.92;7.84;4.77;7.39;83.56
31.03.2015;0.18;-1.93;2.69;7.77;5.8;4.91;82.19
01.04.2015;0.83;-0.6;4.49;6.02;4.43;6.12;91.0
02.04.2015;2.03;0.08;6.09;2.21;13.27;2.31;89.62
03.04.2015;0.48;-2.46;4.27;2.65;12.13;3.72;91.75
04.04.2015;0.56;-3.27;3.3;3.43;6.11;5.32;91.69
05.04.2015;0.91;-2.5;4.57;2.38;10.67;1.02;86.94
06.04.2015;1.52;-3.35;6.44;2.58;13.98;0.35;80.06
07.04.2015;3.08;-2.67;8.6;2.38;15.32;0.11;74.62
08.04.2015;2.02;-0.35;5.88;3.96;4.76;5.08;89.69
09.04.2015;1.69;-2.02;5.61;5.07;12.41;3.38;81.88
10.04.2015;5.11;-2.31;12.83;3.95;21.5;0.0;74.56
11.04.2015;7.47;-1.18;16.23;3.14;21.11;0.0;75.62
12.04.2015;9.05;-0.82;18.57;1.69;19.55;0.0;72.25
13.04.2015;9.19;3.9;15.28;2.35;19.24;0.0;64.12
14.04.2015;4.49;0.35;7.35;3.69;8.95;1.04;77.56
15.04.2015;2.62;-2.7;5.97;3.94;12.42;2.23;83.69
16.04.2015;6.08;0.54;13.86;5.2;11.43;1.49;84.25
17.04.2015;6.04;-0.78;10.58;3.3;18.98;0.16;71.19
18.04.2015;6.48;1.84;10.69;1.48;11.95;0.37;74.06
19.04.2015;3.03;-0.84;6.57;2.79;12.12;1.77;79.94
20.04.2015;-0.0;-3.49;3.56;2.52;13.38;1.32;73.69
21.04.2015;-0.17;-4.63;3.13;2.07;11.01;3.21;86.06
22.04.2015;3.09;-0.7;7.65;3.3;15.17;0.76;75.25
23.04.2015;5.88;0.73;11.37;5.52;14.62;0.91;77.12
24.04.2015;9.89;5.48;14.98;4.4;23.08;0.02;66.0
25.04.2015;9.78;4.02;16.16;4.01;24.32;0.0;64.25
26.04.2015;11.69;2.0;19.04;3.69;20.04;0.34;63.88
27.04.2015;14.57;7.36;21.79;3.3;22.65;1.07;76.94
28.04.2015;14.55;8.81;22.02;2.02;21.99;0.41;74.12
29.04.2015;15.72;8.85;22.43;2.42;18.48;0.54;69.88
30.04.2015;13.39;9.51;17.6;1.5;9.16;3.94;84.31
01.05.2015;12.88;9.12;16.79;1.66;14.54;3.4;88.69
02.05.2015;13.65;7.37;19.12;1.8;18.01;3.05;81.94
03.05.2015;12.91;8.51;17.47;1.91;13.7;2.92;86.12
04.05.2015;9.62;5.45;14.33;4.1;12.04;8.3;79.62
05.05.2015;9.48;3.41;15.83;3.91;24.51;0.0;65.69
06.05.2015;9.85;3.22;16.5;3.76;27.24;0.0;63.81
07.05.2015;10.08;1.76;17.42;2.42;27.98;0.0;64.81
08.05.2015;11.91;3.83;18.08;2.2;16.05;0.04;70.19
09.05.2015;12.85;6.58;19.48;2.54;20.95;0.0;62.69
10.05.2015;14.3;5.08;21.2;1.99;23.68;0.0;62.56
11.05.2015;15.32;10.57;20.34;1.62;16.41;0.1;67.5
12.05.2015;14.57;8.02;20.64;2.15;19.14;0.09;66.94
13.05.2015;15.01;8.92;20.47;1.51;20.62;0.15;70.25
14.05.2015;13.68;10.37;17.53;1.83;16.38;1.45;80.5
15.05.2015;11.69;7.35;15.3;5.46;6.74;5.66;83.12
16.05.2015;9.51;5.33;14.2;5.94;18.63;0.47;68.94
17.05.2015;9.8;3.17;15.33;6.2;26.57;0.07;64.0
18.05.2015;9.65;5.65;14.19;5.66;24.0;0.35;66.44
19.05.2015;9.47;3.85;15.29;4.01;26.18;0.35;67.88
20.05.2015;13.44;3.45;20.23;1.72;27.62;0.0;60.56
21.05.2015;17.72;10.41;23.77;0.82;28.63;0.0;54.19
22.05.2015;19.0;11.3;25.73;1.52;27.47;0.0;61.94
23.05.2015;19.28;11.58;25.85;2.28;28.3;0.0;63.88
24.05.2015;20.03;13.21;26.68;2.54;27.25;0.0;62.5
25.05.2015;19.83;11.94;26.72;1.93;27.08;0.0;64.81
26.05.2015;20.07;12.65;27.39;2.4;29.02;0.0;56.5
27.05.2015;19.23;13.51;26.13;2.41;19.88;4.62;74.19
28.05.2015;21.25;14.6;25.91;0.99;19.46;0.54;72.0
29.05.2015;20.98;15.83;25.29;2.41;22.95;1.53;71.69
30.05.2015;17.55;13.06;21.62;4.12;9.88;0.75;79.12
31.05.2015;16.4;12.14;21.01;1.52;11.52;0.25;79.0
01.06.2015;17.11;12.53;20.73;3.38;20.99;1.35;77.44
02.06.2015;15.45;10.84;18.77;2.45;24.01;0.82;70.38
03.06.2015;19.22;10.94;25.59;1.99;28.32;0.01;63.25
04.06.2015;20.39;13.44;27.41;3.09;25.39;1.77;67.31
05.06.2015;15.24;9.11;20.9;3.74;30.87;0.01;58.06
06.06.2015;15.65;7.44;21.8;2.4;29.41;0.0;55.44
07.06.2015;19.35;11.44;25.79;2.1;28.16;0.0;57.12
08.06.2015;21.8;14.01;28.42;2.88;27.34;0.0;56.44
09.06.2015;20.41;13.52;25.66;2.43;24.94;0.39;63.69
10.06.2015;17.62;11.53;23.46;2.56;29.28;0.0;52.94
11.06.2015;17.5;9.9;23.53;1.94;19.19;0.17;52.69
12.06.2015;18.12;11.05;24.25;2.45;27.73;0.02;54.94
13.06.2015;20.12;12.3;26.9;1.37;30.04;0.0;52.31
14.06.2015;22.69;14.15;30.17;2.78;27.97;0.0;46.5
15.06.2015;24.33;15.43;31.23;3.04;27.77;0.74;49.75
16.06.2015;23.16;17.19;29.44;2.36;21.93;12.63;69.69
17.06.2015;16.32;10.69;20.37;3.88;11.02;11.81;87.25
18.06.2015;15.64;9.62;21.07;4.16;14.53;0.25;65.81
19.06.2015;18.08;12.2;24.15;1.76;22.56;0.54;70.56
20.06.2015;19.25;15.28;23.08;1.66;12.34;17.41;82.88
21.06.2015;19.61;15.3;24.1;0.72;16.84;2.93;77.88
22.06.2015;21.05;15.3;25.65;0.96;22.4;1.58;73.12
23.06.2015;20.58;14.91;25.25;1.83;24.3;0.7;72.69
24.06.2015;21.19;15.56;26.75;1.36;15.24;3.88;75.69
25.06.2015;21.57;17.12;25.69;3.82;18.01;3.47;77.0
26.06.2015;23.26;19.05;27.75;3.41;18.98;6.49;79.06
27.06.2015;23.37;19.33;27.57;1.8;19.98;1.89;74.75
28.06.2015;20.9;16.47;23.98;1.2;16.41;3.4;79.69
29.06.2015;18.02;14.51;22.48;2.98;7.85;5.35;85.38
30.06.2015;17.44;13.13;22.43;2.65;15.53;0.95;76.19
01.07.2015;19.24;13.01;23.8;1.98;22.35;0.24;65.56
02.07.2015;19.77;13.13;24.21;1.58;25.07;0.53;65.75
03.07.2015;19.02;13.13;23.83;3.13;27.0;0.07;63.62
04.07.2015;21.27;12.48;28.23;2.31;28.6;0.0;60.12
05.07.2015;24.03;17.64;29.78;2.92;29.36;0.07;60.81
06.07.2015;22.26;15.19;27.43;2.75;25.52;0.36;59.5
07.07.2015;21.06;13.76;27.49;3.05;15.99;1.2;57.69
08.07.2015;21.68;13.14;28.62;2.59;28.5;0.11;55.25
09.07.2015;26.4;17.27;33.96;3.05;25.03;0.4;51.81
10.07.2015;21.69;15.73;25.08;3.37;19.61;1.46;65.12
11.07.2015;15.14;10.78;19.55;3.66;17.36;2.17;65.19
12.07.2015;15.18;10.09;19.58;4.91;18.16;3.61;68.75
13.07.2015;16.66;11.11;21.15;3.57;21.35;2.14;62.75
14.07.2015;15.69;12.47;19.05;1.88;8.66;4.81;77.88
15.07.2015;16.69;10.61;21.01;1.38;18.13;4.13;76.75
16.07.2015;16.44;12.85;20.8;2.84;17.41;8.42;78.31
17.07.2015;17.31;10.94;22.41;2.29;23.09;1.44;70.0
18.07.2015;15.23;12.0;19.24;3.02;16.37;6.02;76.31
19.07.2015;18.23;10.43;24.62;2.29;24.24;0.15;66.0
20.07.2015;21.94;15.44;29.02;4.45;15.52;9.92;67.62
21.07.2015;17.05;12.59;21.08;4.73;19.91;0.41;66.75
22.07.2015;18.83;11.0;24.74;3.35;24.23;0.3;59.5
23.07.2015;20.02;15.8;24.45;3.0;26.13;0.42;61.06
24.07.2015;22.77;13.6;30.12;2.44;21.65;0.03;59.56
25.07.2015;24.19;17.71;30.22;1.27;23.73;0.02;62.12
26.07.2015;26.54;18.19;33.51;2.25;26.36;0.02;54.56
27.07.2015;26.87;20.01;33.87;3.14;22.79;3.58;54.44
28.07.2015;23.7;19.05;32.44;2.66;10.92;7.98;70.88
29.07.2015;21.46;15.98;26.47;2.52;22.87;0.32;63.81
30.07.2015;20.05;16.4;23.86;2.12;9.75;12.91;74.44
31.07.2015;21.12;16.69;26.4;1.89;19.53;3.4;65.94
01.08.2015;17.72;13.19;23.03;2.79;21.65;10.08;68.62
02.08.2015;19.01;11.41;25.02;1.57;24.78;0.0;62.44
03.08.2015;19.9;13.55;25.93;1.34;26.19;0.0;54.75
04.08.2015;22.5;16.3;28.21;0.86;24.71;0.0;51.25
05.08.2015;22.38;15.71;29.04;1.88;23.25;0.0;55.75
06.08.2015;19.66;13.14;25.71;2.49;24.69;0.0;56.5
07.08.2015;20.56;12.44;26.54;1.12;23.8;0.0;55.19
08.08.2015;23.73;14.77;31.93;2.51;24.12;0.0;52.75
09.08.2015;25.8;18.01;33.19;1.87;22.78;0.0;52.75
10.08.2015;26.51;18.8;33.48;1.59;24.5;0.0;47.31
11.08.2015;26.27;18.58;33.4;2.29;22.35;0.0;51.31
12.08.2015;23.62;17.48;30.16;2.55;24.14;0.0;45.62
13.08.2015;24.34;15.77;31.55;1.93;23.27;0.0;45.44
14.08.2015;23.07;16.28;29.11;2.95;19.76;0.05;50.06
15.08.2015;19.88;12.9;25.53;2.08;14.7;0.0;45.69
16.08.2015;19.79;12.79;26.14;3.4;20.88;0.01;45.62
17.08.2015;15.86;10.32;21.47;2.95;17.56;0.1;59.88
18.08.2015;14.52;10.16;19.3;2.78;12.87;0.17;57.88
19.08.2015;13.97;9.55;18.85;2.69;14.09;0.79;65.44
20.08.2015;13.73;7.69;18.67;2.41;9.96;0.15;62.69
21.08.2015;17.37;8.26;25.65;2.07;22.28;0.0;53.06
22.08.2015;19.19;10.65;26.61;1.59;22.56;0.0;50.5
23.08.2015;20.42;12.08;27.76;2.25;21.86;0.0;49.5
24.08.2015;17.3;10.27;23.21;3.38;22.57;0.0;45.44
25.08.2015;17.34;9.47;24.21;0.62;22.64;0.0;36.31
26.08.2015;18.69;8.69;26.34;1.59;22.09;0.0;34.38
27.08.2015;18.75;12.42;24.77;2.08;14.27;0.38;58.62
28.08.2015;19.61;11.98;26.74;1.67;20.26;0.02;58.19
29.08.2015;21.39;15.08;29.08;4.37;13.33;0.04;49.0
30.08.2015;17.47;11.77;23.89;4.15;21.38;0.01;51.06
31.08.2015;16.78;11.63;23.06;3.09;17.06;0.02;53.12
01.09.2015;17.01;9.38;23.5;1.82;18.93;0.64;57.31
02.09.2015;20.08;13.74;28.09;2.4;15.3;1.69;59.88
03.09.2015;20.82;13.13;28.79;2.06;14.43;0.75;62.0
04.09.2015;20.08;14.51;25.39;1.66;14.04;3.07;68.06
05.09.2015;19.58;14.22;25.84;3.15;14.48;3.92;68.62
06.09.2015;18.1;13.01;25.37;2.16;4.92;15.33;73.81
07.09.2015;15.86;11.23;20.53;4.31;11.11;0.42;65.0
08.09.2015;13.11;8.66;17.82;3.63;11.39;0.33;67.31
09.09.2015;12.79;6.83;19.44;2.09;13.14;0.39;67.0
10.09.2015;12.89;6.87;18.93;2.29;15.29;0.06;67.81
11.09.2015;12.39;5.88;18.88;2.39;14.87;0.0;66.44
12.09.2015;12.76;8.47;18.51;2.5;10.66;0.29;65.44
13.09.2015;12.81;7.84;18.84;2.58;8.6;0.0;53.06
14.09.2015;12.52;7.76;18.43;2.36;11.08;0.06;57.31
15.09.2015;13.01;5.81;20.65;1.66;13.42;0.0;61.31
16.09.2015;14.94;7.3;21.87;0.8;17.47;0.02;56.31
17.09.2015;17.37;9.86;25.15;1.89;16.22;0.0;50.38
18.09.2015;18.58;11.92;26.88;3.23;17.27;0.0;45.81
19.09.2015;20.39;13.07;29.18;2.76;15.68;0.0;52.81
20.09.2015;20.9;14.3;28.7;1.42;14.46;0.11;59.38
21.09.2015;19.55;12.51;27.03;3.14;15.3;0.18;54.81
22.09.2015;20.45;14.85;26.87;1.2;13.92;0.17;70.12
23.09.2015;21.11;14.33;29.8;1.66;14.51;0.0;55.0
24.09.2015;21.08;13.95;30.24;2.64;15.07;0.0;43.81
25.09.2015;18.67;12.4;26.58;3.09;15.07;0.0;39.0
26.09.2015;18.73;12.51;27.35;3.1;15.3;0.0;42.06
27.09.2015;18.76;12.19;27.47;3.25;14.68;0.0;38.69
28.09.2015;16.41;10.73;24.55;3.88;11.16;0.31;57.62
29.09.2015;10.48;8.55;12.94;4.29;4.58;10.96;83.19
30.09.2015;9.26;5.08;13.21;4.24;5.89;3.2;78.5
01.10.2015;8.29;1.86;15.15;2.3;14.8;0.0;67.94
02.10.2015;10.83;5.12;17.66;4.73;11.93;0.0;60.06
03.10.2015;10.94;5.8;18.61;4.3;14.34;0.0;61.94
04.10.2015;10.12;3.07;17.28;1.76;12.0;0.0;60.5
05.10.2015;13.37;5.21;22.09;2.45;11.45;0.01;58.56
06.10.2015;11.1;4.98;16.08;2.9;6.98;4.34;80.5
07.10.2015;2.51;-0.38;5.51;4.82;12.46;0.07;58.0
08.10.2015;0.73;-2.2;4.51;3.35;8.74;0.25;68.88
09.10.2015;0.77;-1.64;4.15;4.36;8.84;0.15;65.38
10.10.2015;0.98;-2.36;4.96;4.35;9.5;0.11;70.19
11.10.2015;1.17;-2.31;5.6;2.84;8.21;0.1;69.19
12.10.2015;1.96;-3.89;8.74;1.82;12.56;0.0;75.06
13.10.2015;4.14;0.87;9.48;0.93;6.88;0.02;70.62
14.10.2015;3.48;-1.29;8.74;1.07;8.31;0.0;65.31
15.10.2015;2.56;-2.89;9.19;1.81;10.66;0.0;72.69
16.10.2015;4.25;-1.66;10.32;1.42;8.48;0.04;75.0
17.10.2015;4.26;-1.38;10.94;1.6;9.92;0.0;74.31
18.10.2015;4.51;0.58;9.83;2.16;6.8;0.02;65.44
19.10.2015;4.58;2.42;7.3;1.96;3.18;0.77;85.31
20.10.2015;1.74;-3.94;7.23;2.52;9.36;0.03;72.94
21.10.2015;-0.35;-5.09;4.17;3.52;7.8;0.0;61.75
22.10.2015;0.77;-0.72;4.13;4.35;2.33;2.7;68.88
23.10.2015;1.48;-1.6;5.73;1.52;3.36;1.46;88.5
24.10.2015;2.93;-1.3;7.19;1.23;3.16;0.34;86.56
25.10.2015;4.15;1.59;7.7;0.63;2.24;1.63;85.38
26.10.2015;3.52;1.2;6.03;2.95;2.55;2.33;95.06
27.10.2015;4.32;1.87;7.12;3.56;4.45;1.49;89.62
28.10.2015;1.87;-1.93;4.35;5.09;6.49;0.54;73.69
29.10.2015;-1.57;-4.95;3.86;2.42;8.9;0.0;73.12
30.10.2015;-1.48;-4.83;5.04;2.29;8.76;0.0;71.5
31.10.2015;-1.37;-4.5;3.7;1.91;8.33;0.0;79.0
01.11.2015;1.08;-2.02;5.82;4.37;4.78;0.0;68.88
02.11.2015;2.19;-0.76;4.82;3.77;4.35;0.14;87.56
03.11.2015;5.33;3.35;10.51;4.32;6.31;0.12;90.69
04.11.2015;5.21;3.98;8.89;3.54;4.82;0.15;91.44
05.11.2015;3.83;-0.45;8.61;3.04;2.0;0.23;87.5
06.11.2015;1.76;-0.77;6.43;1.74;6.98;0.11;81.12
07.11.2015;1.15;-2.15;7.34;1.02;5.98;0.0;76.62
08.11.2015;-0.26;-4.27;6.01;1.68;6.96;0.0;79.94
09.11.2015;0.29;-3.41;5.09;1.0;5.24;0.05;77.56
10.11.2015;1.97;-0.6;3.9;3.38;1.23;9.44;95.06
11.11.2015;3.73;2.58;5.4;4.78;2.81;3.33;91.81
12.11.2015;3.29;-0.39;6.82;4.15;3.93;0.8;88.19
13.11.2015;1.08;-1.31;5.82;1.52;4.37;1.86;89.0
14.11.2015;0.39;-2.31;3.53;2.97;2.74;8.8;88.25
15.11.2015;0.56;-2.42;2.02;4.8;2.23;8.48;95.0
16.11.2015;-2.43;-4.37;-0.21;4.05;2.18;1.96;91.81
17.11.2015;-3.22;-5.7;0.58;2.27;1.78;0.12;92.62
18.11.2015;-2.2;-6.3;0.62;4.27;1.95;4.7;92.38
19.11.2015;0.67;-0.42;1.58;4.23;1.7;9.16;96.88
20.11.2015;2.3;0.27;3.78;3.52;2.77;10.73;98.75
21.11.2015;1.58;0.09;2.49;2.52;2.29;6.19;97.69
22.11.2015;4.72;-1.0;10.23;3.13;1.8;13.58;98.94
23.11.2015;1.88;-1.87;6.83;2.89;1.73;0.93;94.38
24.11.2015;0.14;-2.06;3.22;1.75;2.85;1.1;93.88
25.11.2015;-1.27;-2.56;0.53;1.69;1.6;2.38;97.5
26.11.2015;-3.57;-6.81;0.17;2.81;1.91;1.38;92.88
27.11.2015;-5.27;-6.52;-2.17;1.56;5.09;0.01;88.31
28.11.2015;-5.72;-8.63;-2.27;1.58;4.82;0.03;93.56
29.11.2015;-4.89;-9.77;-1.14;3.75;2.23;2.37;93.88
30.11.2015;-0.56;-1.22;0.35;4.04;1.78;4.72;95.25
01.12.2015;-0.99;-2.68;0.62;3.11;1.49;2.53;97.62
02.12.2015;-1.96;-2.88;-0.93;4.41;0.87;9.1;97.38
03.12.2015;-2.51;-6.42;-1.06;4.48;1.44;3.26;96.5
04.12.2015;-5.76;-11.51;-2.24;2.83;1.32;0.06;98.69
05.12.2015;-1.86;-5.53;0.5;5.29;2.0;0.32;97.31
06.12.2015;0.43;-0.42;1.15;5.09;2.18;0.4;96.38
07.12.2015;1.16;-0.94;2.58;7.16;2.66;0.16;94.19
08.12.2015;-0.03;-3.81;1.96;6.17;4.07;0.07;91.5
09.12.2015;-4.47;-6.03;-1.85;2.8;3.89;0.04;96.81
10.12.2015;-3.99;-5.7;-1.24;3.41;2.6;0.11;94.19
11.12.2015;-3.4;-4.69;-1.04;2.6;2.34;0.14;94.69
12.12.2015;-4.3;-6.13;-2.87;4.41;1.7;3.41;92.75
13.12.2015;-1.45;-3.02;0.72;3.94;1.71;0.77;97.12
14.12.2015;-1.7;-2.78;-0.84;4.5;1.24;8.76;97.12
15.12.2015;-3.49;-5.73;-1.32;3.77;2.11;0.52;96.06
16.12.2015;-5.18;-8.03;-3.0;4.75;2.66;0.28;96.94
17.12.2015;-3.23;-5.93;-1.32;4.31;3.62;0.55;93.94
18.12.2015;-5.41;-8.77;-3.54;2.08;2.83;2.16;98.12
19.12.2015;-0.38;-3.96;1.05;4.57;1.86;1.22;97.75
20.12.2015;1.22;0.24;2.01;4.09;1.8;1.43;98.31
21.12.2015;2.35;0.2;3.96;4.97;2.1;0.26;97.25
22.12.2015;1.01;-0.89;2.61;4.84;1.66;3.0;96.62
23.12.2015;1.89;0.4;4.31;4.54;1.43;1.93;98.56
24.12.2015;4.01;1.9;5.19;7.44;2.45;1.22;93.0
25.12.2015;-0.49;-2.03;1.34;4.22;2.29;0.27;93.62
26.12.2015;-0.24;-2.1;1.14;5.67;2.35;1.08;90.94
27.12.2015;-2.28;-5.76;0.3;5.76;3.67;0.47;81.38
28.12.2015;-6.05;-10.35;-2.87;3.7;2.71;0.0;81.81
29.12.2015;-8.76;-10.48;-4.85;4.35;4.51;0.01;89.5
30.12.2015;-8.37;-10.15;-6.75;4.33;2.84;0.23;79.81
31.12.2015;-8.94;-10.78;-7.41;3.82;2.72;0.56;76.31
01.01.2016;-12.35;-12.89;-11.24;4.75;3.36;1.0;77.69
02.01.2016;-14.06;-15.98;-13.05;3.3;3.28;0.85;82.06
03.01.2016;-15.6;-17.52;-14.22;3.75;3.5;0.29;83.69
04.01.2016;-14.8;-15.14;-14.48;4.75;3.42;1.63;85.19
05.01.2016;-14.24;-15.6;-12.29;3.3;3.16;0.28;89.5
06.01.2016;-11.92;-13.98;-9.89;2.18;1.71;1.47;95.69
07.01.2016;-9.15;-11.96;-6.43;2.21;2.34;0.54;95.25
08.01.2016;-7.02;-7.49;-6.37;5.23;1.29;18.4;95.94
09.01.2016;-9.01;-12.29;-7.01;4.88;1.43;10.16;97.44
10.01.2016;-15.72;-22.04;-12.11;3.56;3.71;0.04;95.38
11.01.2016;-19.22;-24.04;-15.34;3.0;3.14;0.01;96.81
12.01.2016;-9.04;-17.51;0.43;7.66;1.93;13.79;96.81
13.01.2016;-3.87;-10.14;0.62;4.38;1.11;0.3;94.25
14.01.2016;-7.36;-12.02;-3.68;3.18;1.64;0.87;95.38
15.01.2016;-11.46;-14.55;-6.83;2.71;4.65;0.1;97.56
16.01.2016;-8.75;-13.81;-4.16;5.78;3.51;10.74;95.19
17.01.2016;-9.17;-14.18;-4.03;2.71;4.13;0.13;96.5
18.01.2016;-9.4;-11.15;-7.96;7.02;3.2;22.44;96.5
19.01.2016;-7.08;-9.38;-4.92;4.39;3.51;9.55;97.69
20.01.2016;-10.33;-18.24;-6.39;5.44;2.14;2.89;96.31
21.01.2016;-14.56;-17.92;-11.99;3.08;3.65;4.19;97.0
22.01.2016;-14.31;-19.1;-11.03;2.89;4.93;1.0;98.69
23.01.2016;-15.23;-17.08;-12.16;2.69;5.78;0.33;98.19
24.01.2016;-18.45;-21.95;-15.24;1.96;6.23;0.3;98.0
25.01.2016;-17.64;-21.02;-15.2;3.7;4.61;0.08;98.31
26.01.2016;-16.52;-20.38;-12.83;3.55;5.23;0.39;97.38
27.01.2016;-8.35;-12.33;-5.57;4.68;2.99;3.75;97.81
28.01.2016;-1.49;-5.45;0.44;3.73;2.56;5.49;97.69
29.01.2016;0.16;-1.45;0.65;7.73;3.33;0.72;92.81
30.01.2016;-1.69;-4.38;-0.02;5.76;3.16;0.25;96.25
31.01.2016;-0.53;-2.0;0.43;7.52;4.77;1.86;96.12
01.02.2016;-2.05;-4.3;0.26;4.31;5.53;0.3;96.62
02.02.2016;-3.12;-8.48;0.82;5.38;4.46;1.12;97.81
03.02.2016;0.64;0.3;0.87;6.27;4.57;5.16;96.88
04.02.2016;-0.48;-1.99;0.61;4.34;2.8;0.31;96.62
05.02.2016;-4.08;-7.35;-0.39;3.5;6.61;0.16;97.44
06.02.2016;-6.9;-12.91;-1.3;3.33;7.71;0.01;96.38
07.02.2016;-9.49;-13.05;-3.32;2.55;8.61;0.01;95.56
08.02.2016;-7.68;-12.15;-2.37;5.2;8.68;0.04;96.75
09.02.2016;-5.92;-10.45;-1.86;6.02;6.53;0.07;94.5
10.02.2016;-1.46;-4.95;0.4;6.57;6.37;0.15;94.12
11.02.2016;-2.06;-4.4;0.02;9.14;6.18;0.46;93.12
12.02.2016;-1.09;-2.49;0.32;5.43;5.91;4.12;95.81
13.02.2016;-2.42;-5.32;0.08;3.6;2.77;0.34;97.19
14.02.2016;-1.43;-5.54;0.92;6.57;6.64;3.42;97.81
15.02.2016;0.13;-0.57;0.9;4.45;5.52;0.79;97.94
16.02.2016;0.53;-1.91;1.14;6.8;1.92;5.67;96.0
17.02.2016;-5.39;-10.3;-2.39;5.25;10.08;0.04;91.31
18.02.2016;-8.8;-12.87;-2.27;3.57;10.72;0.01;95.94
19.02.2016;-6.48;-12.01;-1.44;3.14;7.05;0.14;93.88
20.02.2016;-8.5;-15.36;-1.73;2.0;8.88;0.05;95.75
21.02.2016;-7.67;-11.44;-3.39;1.87;7.0;0.13;95.25
22.02.2016;-2.86;-6.94;1.3;8.03;3.68;7.75;95.44
23.02.2016;0.51;-0.02;1.23;4.99;6.4;5.58;97.56
24.02.2016;0.41;0.26;0.65;1.65;4.89;8.54;96.88
25.02.2016;-0.06;-1.92;0.65;4.38;5.58;4.73;95.56
26.02.2016;-1.91;-5.67;0.56;3.51;10.9;0.6;92.56
27.02.2016;-1.31;-5.74;0.29;3.02;3.69;4.52;96.88
28.02.2016;-6.4;-10.12;-0.37;1.84;11.67;0.07;96.06
29.02.2016;-1.99;-9.59;1.1;3.06;4.83;1.48;96.81
01.03.2016;0.43;0.13;1.49;4.94;2.3;18.65;97.0
02.03.2016;0.76;0.37;1.21;4.8;3.33;2.59;98.06
03.03.2016;-0.71;-2.52;0.72;2.33;6.46;0.74;97.38
04.03.2016;0.4;-1.27;1.06;4.73;2.95;10.08;97.19
05.03.2016;0.99;0.62;1.26;1.87;4.65;1.29;96.56
06.03.2016;-0.88;-2.61;0.56;1.3;4.16;0.36;96.38
07.03.2016;0.55;-2.06;4.13;1.48;4.86;0.11;92.0
08.03.2016;2.65;0.84;6.14;3.27;9.22;0.16;94.31
09.03.2016;2.05;-1.99;7.61;2.89;12.2;0.05;92.0
10.03.2016;0.72;-2.7;6.97;3.21;11.55;0.0;90.88
11.03.2016;0.57;-3.24;7.36;2.38;13.46;0.0;88.06
12.03.2016;2.19;-2.66;7.98;0.99;9.6;1.08;81.5
13.03.2016;0.48;-2.13;1.98;3.1;5.34;8.0;95.06
14.03.2016;-2.05;-4.67;1.02;4.38;8.56;0.24;82.69
15.03.2016;-2.5;-5.6;1.94;3.52;15.97;0.0;77.12
16.03.2016;-1.49;-7.19;2.51;5.47;11.96;0.22;86.38
17.03.2016;1.51;-0.78;4.39;4.96;6.72;0.28;86.94
18.03.2016;1.36;-4.2;5.73;6.09;7.09;3.47;87.81
19.03.2016;-4.94;-8.01;-2.99;4.55;12.41;1.26;73.19
20.03.2016;-4.58;-6.99;-2.89;2.75;8.71;1.05;77.06
21.03.2016;-4.83;-10.49;-1.69;2.48;11.22;1.26;84.0
22.03.2016;0.69;-3.47;5.85;4.16;12.31;0.78;88.44
23.03.2016;0.69;-2.4;4.39;2.27;5.62;2.08;90.88
24.03.2016;-0.0;-2.43;2.76;4.38;6.55;11.14;94.62
25.03.2016;-0.24;-1.15;1.06;3.84;5.34;5.03;94.38
26.03.2016;-0.81;-3.12;1.62;2.7;6.19;0.54;92.5
27.03.2016;1.16;-1.74;4.3;3.59;6.95;1.52;89.75
28.03.2016;0.67;-1.95;4.55;2.43;6.72;5.57;91.69
29.03.2016;0.28;-2.6;4.07;2.56;7.22;2.28;92.88
30.03.2016;3.11;-2.92;10.45;2.45;17.59;0.24;86.31
31.03.2016;3.67;1.12;5.63;3.59;7.59;3.91;96.38
01.04.2016;3.51;0.33;7.07;3.2;6.95;13.19;91.0
02.04.2016;0.76;-0.74;2.4;6.12;7.23;12.27;94.25
03.04.2016;2.82;-0.34;7.33;6.11;16.88;0.18;81.44
04.04.2016;3.38;-1.64;9.38;3.98;14.03;0.15;82.25
05.04.2016;3.71;-2.71;10.3;2.4;19.23;0.0;70.56
06.04.2016;6.46;1.37;12.47;1.05;18.3;0.02;59.5
07.04.2016;8.83;2.53;15.56;2.25;10.7;1.49;88.88
08.04.2016;8.55;3.44;15.45;1.33;14.14;0.51;80.62
09.04.2016;11.87;2.99;20.81;3.05;16.64;0.08;86.12
10.04.2016;10.98;6.1;17.51;3.8;20.73;0.0;75.56
11.04.2016;11.3;4.01;18.33;2.56;20.71;0.01;82.69
12.04.2016;9.87;5.88;16.35;3.16;17.66;0.08;87.5
13.04.2016;11.02;5.08;17.38;2.32;17.72;0.04;82.5
14.04.2016;11.44;7.14;15.96;2.41;13.81;1.84;87.5
15.04.2016;12.08;5.23;17.89;3.12;11.68;1.65;86.94
16.04.2016;7.13;-0.18;11.06;3.85;4.66;4.49;91.12
17.04.2016;6.27;-0.99;10.77;1.58;13.69;3.08;84.0
18.04.2016;13.14;5.12;20.72;3.12;19.28;2.03;86.44
19.04.2016;9.27;3.01;14.2;2.99;13.32;0.84;77.5
20.04.2016;7.15;1.4;11.87;1.95;13.84;0.93;78.5
21.04.2016;4.66;2.37;7.15;4.34;13.24;2.49;83.62
22.04.2016;5.02;0.5;9.76;5.12;13.59;6.46;84.38
23.04.2016;5.42;2.0;9.58;3.5;12.92;0.87;77.0
24.04.2016;7.6;-0.56;13.9;3.37;17.98;0.08;77.44
25.04.2016;10.76;5.96;14.78;4.8;12.03;1.49;85.19
26.04.2016;12.32;8.65;15.99;4.23;7.75;5.43;87.81
27.04.2016;12.51;8.13;16.82;1.8;11.1;11.07;88.69
28.04.2016;12.74;10.12;15.97;1.4;12.1;11.31;84.81
29.04.2016;9.96;7.26;13.03;2.27;8.21;1.6;91.25
30.04.2016;8.75;5.92;11.06;3.4;8.24;0.34;89.0
01.05.2016;9.31;3.16;15.08;2.46;20.13;0.12;75.0
02.05.2016;9.7;3.49;15.45;3.11;21.94;0.06;74.44
03.05.2016;11.01;4.6;16.63;1.78;22.37;0.06;77.81
04.05.2016;13.48;5.29;18.87;1.94;22.57;0.01;64.12
05.05.2016;10.71;6.23;15.84;2.39;18.17;1.19;82.0
06.05.2016;11.88;5.28;18.41;2.66;15.26;2.47;81.25
07.05.2016;14.07;8.49;19.24;2.64;22.06;0.66;77.69
08.05.2016;15.65;8.01;20.6;1.93;23.25;0.2;70.0
09.05.2016;17.22;10.09;22.69;0.9;21.81;0.03;59.38
10.05.2016;18.12;9.52;23.53;0.84;21.93;0.03;58.0
11.05.2016;18.75;14.3;23.42;1.2;23.72;0.64;59.44
12.05.2016;15.78;9.3;20.93;2.14;18.88;6.14;75.81
13.05.2016;11.73;6.73;16.99;3.27;22.23;0.02;75.94
14.05.2016;10.52;6.11;14.1;5.18;6.71;6.32;87.19
15.05.2016;12.3;8.53;16.08;2.45;7.77;3.98;86.06
16.05.2016;10.32;7.54;13.66;3.21;16.99;1.01;91.0
17.05.2016;13.29;7.12;18.46;2.24;18.22;3.0;84.62
18.05.2016;13.83;9.89;16.94;2.98;15.93;4.82;81.88
19.05.2016;11.74;7.85;15.0;2.91;8.95;25.87;92.44
20.05.2016;10.04;6.91;12.91;4.57;16.11;3.24;85.5
21.05.2016;11.21;8.19;15.13;4.1;11.85;4.34;87.56
22.05.2016;12.19;7.76;17.01;3.07;19.26;0.94;84.69
23.05.2016;12.49;6.83;16.31;1.43;18.74;3.0;83.5
24.05.2016;13.76;9.49;17.77;1.52;16.71;8.59;83.56
25.05.2016;15.92;8.91;21.41;1.3;26.49;0.23;72.69
26.05.2016;17.39;10.33;22.64;1.94;24.98;2.42;78.38
27.05.2016;17.62;13.69;20.18;2.49;18.64;16.9;93.25
28.05.2016;18.71;13.11;23.36;1.61;19.61;5.02;85.12
29.05.2016;20.17;15.51;25.39;3.47;21.92;3.83;85.44
30.05.2016;20.12;15.83;23.82;3.46;20.32;5.38;88.75
31.05.2016;18.68;12.37;22.2;4.23;19.57;7.24;86.38
01.06.2016;13.48;8.8;17.76;3.52;23.3;0.02;76.38
02.06.2016;13.51;7.13;18.84;2.33;28.52;0.0;72.81
03.06.2016;15.15;7.44;20.04;1.27;28.12;0.05;68.12
04.06.2016;16.08;11.98;20.33;1.97;24.07;1.59;80.31
05.06.2016;15.79;11.03;20.08;2.58;21.31;5.75;86.62
06.06.2016;11.76;6.45;14.99;2.3;19.58;1.29;81.12
07.06.2016;8.9;5.68;12.41;3.97;22.08;0.54;76.75
08.06.2016;9.33;4.2;13.51;2.42;20.73;0.22;74.31
09.06.2016;13.33;5.79;18.88;3.47;24.06;0.13;74.94
10.06.2016;14.8;10.31;19.57;2.8;20.23;2.18;84.5
11.06.2016;14.4;11.76;16.71;4.33;11.35;10.24;84.25
12.06.2016;14.2;9.94;18.43;3.11;30.08;1.52;73.94
13.06.2016;14.88;7.78;19.72;0.9;23.73;1.81;71.0
14.06.2016;17.34;12.59;22.05;1.79;17.99;11.46;83.69
15.06.2016;18.85;13.87;22.67;3.09;15.52;3.11;88.06
16.06.2016;19.47;16.48;22.87;2.02;20.73;7.97;91.94
17.06.2016;21.58;15.45;26.5;1.09;26.2;1.63;78.06
18.06.2016;22.4;16.74;27.16;2.66;24.65;2.17;81.75
19.06.2016;22.1;18.36;26.08;1.18;18.55;5.57;84.44
20.06.2016;21.47;16.48;25.7;1.77;20.71;1.8;84.56
21.06.2016;23.08;16.01;28.12;1.16;27.96;0.0;75.75
22.06.2016;21.39;18.3;24.7;2.01;17.52;3.85;87.62
23.06.2016;20.42;15.74;24.68;2.27;28.23;0.04;79.25
24.06.2016;20.36;15.3;24.75;1.91;26.74;0.15;79.06
25.06.2016;21.73;15.1;26.28;1.26;28.25;0.0;70.62
26.06.2016;22.78;16.42;27.7;1.55;28.77;0.0;74.62
27.06.2016;23.37;17.21;27.89;1.99;27.99;0.03;78.19
28.06.2016;23.98;18.8;28.01;1.31;23.77;7.17;74.81
29.06.2016;19.71;16.3;23.34;2.88;22.86;4.6;80.06
30.06.2016;20.69;15.64;25.49;2.25;17.79;0.09;77.44
01.07.2016;21.17;16.08;25.9;1.83;28.37;0.01;74.69
02.07.2016;22.12;15.96;26.52;1.27;27.72;0.07;70.06
03.07.2016;22.56;18.54;25.81;0.84;20.48;3.11;70.88
04.07.2016;21.69;14.15;26.54;2.35;21.06;2.68;74.81
05.07.2016;15.71;10.99;20.34;3.49;27.29;0.04;73.25
06.07.2016;16.47;9.83;21.69;2.74;24.46;0.01;71.56
07.07.2016;16.89;13.08;21.5;3.36;15.75;4.85;81.38
08.07.2016;16.11;11.31;20.61;3.05;26.41;0.13;75.69
09.07.2016;16.56;11.26;21.08;2.41;22.69;1.86;74.88
10.07.2016;17.12;11.43;21.72;1.55;21.99;0.6;81.62
11.07.2016;18.62;13.23;23.0;2.22;24.68;1.18;78.5
12.07.2016;21.36;15.48;26.46;3.2;22.69;0.34;80.62
13.07.2016;23.48;18.05;28.98;2.55;27.03;0.03;78.88
14.07.2016;24.48;17.63;29.51;1.93;27.78;0.0;70.5
15.07.2016;26.73;18.97;32.74;1.41;25.61;0.0;66.94
16.07.2016;27.73;20.71;34.51;0.98;23.05;0.36;70.06
17.07.2016;25.19;19.66;30.8;3.3;26.06;0.24;81.19
18.07.2016;24.3;20.56;29.81;2.97;22.4;9.63;79.69
19.07.2016;20.6;17.56;23.43;0.95;9.87;17.89;87.69
20.07.2016;17.48;13.26;19.73;2.64;7.52;5.73;88.12
21.07.2016;17.53;11.51;21.77;1.84;20.07;3.88;78.12
22.07.2016;17.59;15.04;19.96;1.26;14.95;7.21;78.31
23.07.2016;17.05;13.9;20.69;3.49;9.0;18.14;87.31
24.07.2016;19.55;15.7;23.52;3.25;17.61;1.97;83.25
25.07.2016;20.34;15.94;24.82;2.01;21.87;5.04;87.62
26.07.2016;21.84;15.93;26.49;1.44;21.63;1.29;78.75
27.07.2016;23.12;17.26;28.18;0.98;23.06;0.23;69.69
28.07.2016;22.24;17.55;26.65;1.56;19.85;1.69;79.12
29.07.2016;22.8;16.51;27.25;1.33;23.55;0.21;76.06
30.07.2016;24.15;19.05;28.32;0.65;17.97;1.57;69.38
31.07.2016;22.23;19.43;25.76;0.88;19.54;5.17;81.06
01.08.2016;23.6;17.28;27.87;0.78;24.54;0.06;69.44
02.08.2016;24.5;20.33;28.26;1.05;22.73;0.31;66.5
03.08.2016;22.06;17.9;26.21;1.3;14.02;3.87;80.31
04.08.2016;20.23;16.09;24.56;2.21;24.95;0.35;76.94
05.08.2016;20.94;15.72;26.11;1.67;25.49;0.01;74.19
06.08.2016;23.08;16.08;29.15;2.34;25.17;0.03;78.06
07.08.2016;24.81;17.86;31.87;1.95;22.59;6.52;75.44
08.08.2016;18.99;13.71;23.83;3.02;24.83;0.27;74.69
09.08.2016;18.27;11.88;23.51;1.31;24.35;0.05;74.25
10.08.2016;20.15;13.0;26.28;1.86;20.74;0.01;75.19
11.08.2016;22.18;16.33;27.62;1.84;19.43;0.87;75.94
12.08.2016;21.71;17.97;25.84;1.49;12.06;7.12;80.06
13.08.2016;15.57;13.64;17.96;3.48;5.87;9.73;88.38
14.08.2016;16.33;13.39;21.2;2.77;4.56;60.4;93.31
15.08.2016;15.38;12.15;20.3;4.0;15.65;12.64;85.56
16.08.2016;16.36;9.92;21.65;2.03;16.39;5.76;79.5
17.08.2016;18.94;13.94;23.87;1.37;12.77;3.8;79.56
18.08.2016;20.62;14.7;26.44;2.16;18.96;0.19;76.94
19.08.2016;20.37;16.86;25.02;2.8;8.53;7.89;87.88
20.08.2016;21.4;16.19;25.89;1.53;21.11;4.09;81.94
21.08.2016;22.1;17.08;27.17;1.07;19.87;1.16;81.44
22.08.2016;21.51;17.9;25.36;2.61;20.32;2.27;88.88
23.08.2016;23.39;18.48;29.44;2.18;20.88;0.02;72.44
24.08.2016;20.16;15.62;25.15;1.88;10.71;0.96;79.12
25.08.2016;17.61;14.69;19.14;4.41;6.1;3.29;90.25
26.08.2016;16.7;12.06;21.85;3.59;21.82;0.03;78.75
27.08.2016;18.95;12.35;24.95;1.6;20.95;0.0;77.5
28.08.2016;20.47;14.69;26.98;2.58;19.88;0.0;78.31
29.08.2016;19.05;12.38;25.9;1.58;20.91;0.0;72.81
30.08.2016;19.78;12.66;27.12;2.74;19.68;0.21;70.38
31.08.2016;16.28;11.24;20.24;3.52;13.98;12.43;82.38
01.09.2016;14.19;9.1;19.15;3.24;18.62;0.01;77.75
02.09.2016;15.22;9.55;20.42;2.28;11.55;0.08;82.94
03.09.2016;16.51;12.57;21.69;2.09;15.99;0.34;80.19
04.09.2016;16.92;10.91;22.38;1.97;18.42;0.03;76.88
05.09.2016;19.19;13.58;25.23;3.21;17.73;0.09;75.69
06.09.2016;16.49;11.56;21.25;2.29;16.17;0.3;79.31
07.09.2016;14.89;10.61;20.01;3.11;17.75;0.0;75.19
08.09.2016;15.44;11.37;20.48;3.98;14.09;0.31;81.94
09.09.2016;12.96;8.3;18.0;2.99;18.0;0.02;79.25
10.09.2016;12.98;7.02;17.89;1.66;15.83;0.01;73.88
11.09.2016;15.17;7.88;21.77;1.84;18.65;0.0;74.88
12.09.2016;16.66;11.08;22.3;1.44;17.68;0.08;80.31
13.09.2016;15.52;9.5;20.76;3.84;16.27;0.02;73.56
14.09.2016;10.82;7.98;14.35;2.78;7.79;0.75;78.69
15.09.2016;10.26;6.95;14.15;3.39;9.43;0.58;79.19
16.09.2016;10.98;6.19;16.03;3.25;9.57;3.41;80.5
17.09.2016;10.55;6.75;14.21;3.15;8.43;1.34;80.44
18.09.2016;8.79;4.72;13.4;2.34;8.97;0.47;81.69
19.09.2016;6.71;2.76;10.95;2.26;8.92;0.05;80.25
20.09.2016;6.8;2.31;11.05;1.52;9.52;0.2;73.69
21.09.2016;8.44;4.93;12.87;4.1;6.71;1.01;80.19
22.09.2016;7.83;3.13;11.73;2.83;7.85;2.07;84.25
23.09.2016;8.14;4.23;12.83;3.59;10.33;0.74;85.38
24.09.2016;8.26;3.09;13.68;1.91;11.81;0.37;83.12
25.09.2016;7.24;5.19;8.21;5.19;4.63;4.21;88.81
26.09.2016;8.77;7.37;10.65;3.79;3.24;1.41;92.06
27.09.2016;9.05;6.15;12.05;3.81;4.04;0.18;81.69
28.09.2016;7.14;2.8;11.61;2.75;6.93;0.06;78.69
29.09.2016;5.16;0.94;8.38;1.77;4.22;3.55;90.19
30.09.2016;10.89;5.27;15.08;3.48;7.86;0.19;85.19
01.10.2016;14.02;9.82;19.19;2.09;10.41;0.07;88.62
02.10.2016;14.58;10.36;20.61;1.86;11.74;0.31;87.19
03.10.2016;13.42;7.49;20.87;1.74;13.19;0.0;81.94
04.10.2016;13.05;7.82;18.01;1.79;7.57;0.34;88.94
05.10.2016;14.68;11.43;18.98;3.25;8.41;0.92;83.69
06.10.2016;13.64;10.87;16.64;2.86;3.23;9.63;89.88
07.10.2016;11.2;8.33;14.8;1.87;9.2;0.4;83.44
08.10.2016;10.87;8.43;13.19;2.73;7.06;1.95;90.0
09.10.2016;11.14;7.73;13.27;4.75;1.88;13.26;92.25
10.10.2016;7.98;6.17;9.81;2.56;2.04;5.17;90.06
11.10.2016;5.12;0.05;7.54;3.41;2.96;0.65;88.56
12.10.2016;1.82;-2.17;7.78;2.64;10.77;0.0;79.31
13.10.2016;1.05;-3.98;8.0;2.3;12.18;0.0;78.56
14.10.2016;0.51;-3.08;4.29;2.85;2.93;0.12;87.19
15.10.2016;2.68;0.08;6.79;2.37;5.19;0.25;87.81
16.10.2016;1.73;-1.69;5.69;2.55;5.35;0.24;86.5
17.10.2016;0.52;-3.63;5.26;1.74;6.16;0.08;84.25
18.10.2016;0.25;-3.83;4.99;1.4;3.52;0.03;80.0
19.10.2016;0.76;-1.78;3.87;0.53;2.17;0.15;77.62
20.10.2016;-0.45;-3.64;3.08;1.23;2.02;0.19;83.81
21.10.2016;0.28;-3.56;4.1;2.28;3.99;0.11;82.69
22.10.2016;2.31;-0.99;7.48;3.49;4.95;0.01;76.44
23.10.2016;0.64;-1.74;4.18;3.91;5.36;0.0;80.25
24.10.2016;-0.91;-4.04;4.42;3.94;7.58;0.0;81.12
25.10.2016;-2.63;-5.24;2.19;3.78;10.28;0.0;72.06
26.10.2016;-2.2;-4.85;3.11;3.86;8.89;0.0;68.62
27.10.2016;-1.5;-4.42;1.88;1.95;5.13;0.0;77.44
28.10.2016;-0.99;-3.51;2.81;1.55;5.42;0.0;74.19
29.10.2016;-0.71;-2.53;0.75;4.65;1.17;7.65;90.56
30.10.2016;-0.02;-1.42;2.35;2.36;3.04;2.7;94.75
31.10.2016;-1.69;-4.13;1.01;2.49;2.28;2.8;96.31
01.11.2016;-3.17;-5.28;-0.7;1.91;3.56;1.4;94.12
02.11.2016;-2.88;-5.49;0.26;3.15;5.49;2.97;88.81
03.11.2016;-0.18;-2.35;1.41;3.78;2.56;8.06;95.75
04.11.2016;-1.26;-5.56;0.82;3.73;3.5;0.7;93.62
05.11.2016;-4.49;-8.15;-0.27;2.84;5.17;0.16;91.12
06.11.2016;-1.44;-6.22;1.08;3.92;2.12;13.96;93.75
07.11.2016;4.21;0.57;7.97;4.34;2.06;13.49;99.44
08.11.2016;1.99;-0.12;7.42;2.24;2.74;1.71;96.88
09.11.2016;0.97;0.14;2.97;4.23;2.23;6.24;94.75
10.11.2016;7.31;1.09;10.01;3.32;1.41;14.33;99.31
11.11.2016;-0.8;-5.06;8.73;5.91;1.15;8.22;87.56
12.11.2016;-4.07;-7.27;-1.67;4.3;2.34;0.44;84.38
13.11.2016;-4.22;-7.36;-1.48;2.59;5.49;1.03;81.12
14.11.2016;-2.42;-6.11;-0.17;4.91;1.01;4.62;92.94
15.11.2016;-5.47;-7.13;-2.44;2.19;2.25;0.31;94.75
16.11.2016;-5.56;-8.03;-2.18;1.91;1.17;0.15;95.94
17.11.2016;-7.09;-9.02;-3.83;2.73;1.7;0.15;94.31
18.11.2016;-4.42;-7.9;-1.3;3.61;1.79;0.61;94.88
19.11.2016;-2.76;-4.93;0.15;4.26;4.06;0.16;92.38
20.11.2016;-5.06;-7.58;-1.52;5.23;4.8;0.01;89.25
21.11.2016;-8.06;-11.9;-3.2;4.33;5.19;0.0;88.0
22.11.2016;-10.87;-14.55;-5.11;3.62;5.38;0.0;91.0
23.11.2016;-10.82;-14.88;-4.45;3.26;5.52;0.0;88.19
24.11.2016;-9.73;-13.63;-4.74;3.13;3.17;0.03;97.12
25.11.2016;-3.99;-8.49;-1.32;2.8;1.46;0.36;96.19
26.11.2016;-2.49;-5.84;0.37;4.84;1.62;2.41;92.94
27.11.2016;-0.7;-2.11;0.53;5.46;1.36;1.74;95.44
28.11.2016;-1.34;-3.05;0.22;3.39;1.59;6.92;96.5
29.11.2016;-9.05;-15.74;-2.46;2.95;3.8;1.15;96.0
30.11.2016;-16.13;-20.02;-10.54;2.28;4.96;0.06;98.69
01.12.2016;-10.16;-16.21;-7.29;3.98;3.39;1.52;98.0
02.12.2016;-6.62;-9.85;-4.87;3.49;1.93;3.66;97.62
03.12.2016;-9.1;-10.88;-7.48;2.3;1.47;5.52;98.88
04.12.2016;-9.07;-11.63;-6.95;1.34;1.76;3.07;97.69
05.12.2016;-10.42;-13.54;-6.45;5.43;2.41;2.73;97.56
06.12.2016;-6.67;-17.26;-1.81;5.14;2.25;2.54;95.62
07.12.2016;-16.25;-20.38;-13.09;3.93;4.49;0.07;96.94
08.12.2016;-9.69;-14.23;-5.67;4.73;2.37;7.04;97.56
09.12.2016;-3.87;-7.43;-0.3;2.13;2.77;1.98;98.25
10.12.2016;-0.64;-7.63;0.6;3.98;2.29;1.2;95.62
11.12.2016;-10.69;-15.84;-7.19;2.16;3.77;0.12;95.31
12.12.2016;-12.56;-19.93;-10.09;3.79;2.84;4.48;97.69
13.12.2016;-15.89;-20.41;-11.95;1.88;4.59;0.3;98.81
14.12.2016;-15.13;-20.88;-9.16;2.48;4.72;0.82;98.44
15.12.2016;-13.35;-19.73;-9.78;2.43;3.5;0.32;97.5
16.12.2016;-17.73;-21.42;-12.95;1.52;4.6;0.16;98.25
17.12.2016;-14.94;-19.84;-9.77;2.93;2.42;0.36;96.88
18.12.2016;-5.31;-8.92;-3.23;4.11;2.48;0.76;97.0
19.12.2016;-5.5;-7.22;-4.36;3.75;3.06;1.14;96.06
20.12.2016;-13.78;-22.35;-5.67;2.86;3.87;0.06;91.38
21.12.2016;-10.0;-21.06;-4.5;3.09;2.18;1.29;95.0
22.12.2016;-3.38;-6.06;-1.88;2.04;2.46;0.58;98.62
23.12.2016;-6.96;-9.14;-5.63;2.91;1.65;0.38;98.06
24.12.2016;-7.42;-9.73;-3.17;2.64;1.63;0.77;97.62
25.12.2016;-4.98;-7.4;-3.11;3.26;1.41;0.63;98.25
26.12.2016;-6.71;-10.13;-4.06;3.15;1.85;0.37;98.62
27.12.2016;-2.52;-5.92;-0.28;5.16;2.19;3.69;96.62
28.12.2016;-3.35;-4.85;-1.32;2.58;2.66;2.6;96.94
29.12.2016;-7.27;-14.42;-3.74;3.12;1.94;0.43;96.5
30.12.2016;-10.85;-14.78;-6.74;2.88;3.24;0.06;98.5
31.12.2016;-6.16;-8.69;-4.45;4.16;2.81;0.29;96.94
01.01.2017;-3.85;-6.03;-1.72;3.96;2.14;0.9;98.5
02.01.2017;-1.89;-3.75;-0.85;5.43;1.92;0.57;96.75
03.01.2017;-3.72;-9.02;-1.72;5.07;2.04;0.9;95.38
04.01.2017;-6.6;-9.16;-5.06;5.27;3.57;3.88;97.56
05.01.2017;-4.36;-6.16;-2.2;3.25;3.15;1.17;97.38
06.01.2017;-11.92;-18.33;-4.81;3.87;3.29;1.58;96.94
07.01.2017;-18.08;-19.54;-17.02;6.74;3.61;10.48;96.25
08.01.2017;-14.8;-17.14;-13.13;4.95;3.44;2.91;96.88
09.01.2017;-13.21;-14.77;-11.16;2.37;2.7;0.37;97.06
10.01.2017;-11.1;-12.77;-8.89;0.72;2.48;0.23;93.56
11.01.2017;-11.75;-13.65;-8.26;1.59;2.36;0.3;97.62
12.01.2017;-6.45;-11.92;-1.99;5.16;2.46;6.82;97.0
13.01.2017;-10.63;-13.66;-7.27;2.01;2.64;0.97;99.0
14.01.2017;-5.53;-8.76;-3.38;6.42;3.09;0.22;97.56
15.01.2017;-3.88;-5.01;-2.78;5.92;2.34;7.73;96.56
16.01.2017;-5.49;-8.61;-2.37;1.66;3.29;0.42;95.94
17.01.2017;-9.24;-13.3;-5.41;2.4;4.36;0.1;99.44
18.01.2017;-11.64;-16.91;-4.69;1.97;4.53;0.07;98.81
19.01.2017;-11.78;-15.27;-9.46;4.28;4.1;0.07;96.62
20.01.2017;-7.49;-10.38;-5.19;5.53;3.7;0.45;96.38
21.01.2017;-4.78;-9.58;-0.56;5.27;3.26;0.93;95.62
22.01.2017;-9.02;-13.71;-4.33;5.77;5.04;0.51;97.62
23.01.2017;-3.44;-4.91;-1.44;5.76;4.07;0.53;95.25
24.01.2017;-5.92;-7.61;-4.54;5.56;2.98;0.4;95.5
25.01.2017;-8.38;-15.71;-4.92;6.54;3.9;4.85;95.19
26.01.2017;-20.7;-26.35;-15.99;4.16;7.46;0.24;93.0
27.01.2017;-12.63;-15.56;-8.79;3.28;5.12;0.86;96.75
28.01.2017;-8.13;-14.64;-2.88;2.87;4.59;0.23;96.31
29.01.2017;-21.38;-24.49;-16.93;2.06;7.19;0.15;98.31
30.01.2017;-20.2;-23.49;-14.65;1.71;7.93;0.42;97.0
31.01.2017;-17.74;-23.03;-13.07;3.55;7.84;0.04;95.5
01.02.2017;-12.67;-16.12;-9.22;4.52;5.09;0.14;96.88
02.02.2017;-10.54;-18.1;-6.55;3.12;5.7;0.06;93.69
03.02.2017;-15.38;-20.7;-10.15;2.95;6.27;1.57;97.38
04.02.2017;-10.08;-12.15;-7.34;4.51;4.98;6.52;98.06
05.02.2017;-12.3;-14.98;-8.84;2.64;6.69;0.35;96.0
06.02.2017;-15.34;-18.71;-10.95;4.23;8.67;0.03;96.0
07.02.2017;-22.27;-28.19;-17.34;3.4;9.36;0.0;94.75
08.02.2017;-24.71;-31.05;-15.71;2.16;9.64;0.01;97.75
09.02.2017;-16.42;-25.39;-10.61;2.52;8.32;0.23;98.81
10.02.2017;-9.6;-13.94;-4.35;2.28;7.17;0.23;97.56
11.02.2017;-6.38;-9.62;-2.13;3.27;7.69;0.24;95.81
12.02.2017;-6.15;-8.64;-3.12;3.65;7.34;0.89;95.88
13.02.2017;-9.39;-12.18;-6.13;2.91;8.18;0.94;92.81
14.02.2017;-5.45;-10.77;0.22;7.5;7.2;3.95;95.0
15.02.2017;-3.49;-7.56;-0.28;7.74;9.04;0.37;89.25
16.02.2017;-10.01;-17.07;-4.85;2.73;11.04;0.0;87.94
17.02.2017;-8.48;-17.45;-3.86;5.56;8.92;0.73;96.75
18.02.2017;-1.94;-4.06;0.27;5.05;7.5;0.12;96.62
19.02.2017;-1.8;-4.25;0.16;5.57;6.15;0.09;94.5
20.02.2017;-3.05;-5.24;-0.56;6.8;5.63;0.14;96.25
21.02.2017;-1.89;-4.37;0.51;7.67;7.57;1.75;95.5
22.02.2017;-0.17;-2.27;0.53;4.71;7.53;2.92;96.5
23.02.2017;-1.19;-3.91;0.48;4.77;2.28;2.78;96.44
24.02.2017;0.12;-0.88;1.03;6.39;7.16;1.16;96.0
25.02.2017;-2.06;-6.67;0.55;5.59;8.46;0.84;91.88
26.02.2017;-4.47;-6.72;-1.74;6.36;10.23;0.22;94.25
27.02.2017;-1.11;-4.73;0.57;5.84;9.82;1.31;95.88
28.02.2017;-0.94;-3.85;0.94;2.7;9.01;0.27;96.75
01.03.2017;-0.45;-1.68;0.73;5.17;10.07;0.02;95.31
02.03.2017;-0.14;-1.24;0.25;5.2;8.15;0.53;96.56
03.03.2017;-0.45;-2.87;0.78;2.9;9.76;0.14;96.94
04.03.2017;-1.55;-3.79;0.31;2.91;12.3;0.09;97.38
05.03.2017;0.5;-0.79;1.48;5.92;11.07;0.0;91.62
06.03.2017;0.44;-0.63;1.12;5.13;12.27;0.0;94.81
07.03.2017;-0.56;-2.93;1.02;4.07;12.6;0.0;93.56
08.03.2017;-1.77;-5.59;1.23;2.64;11.93;0.0;93.62
09.03.2017;-1.76;-5.7;1.04;3.62;13.83;0.0;90.06
10.03.2017;-1.13;-3.59;1.8;4.77;13.91;0.0;89.88
11.03.2017;-1.52;-4.13;2.12;3.88;13.46;0.0;89.56
12.03.2017;-2.1;-7.56;4.4;3.36;14.5;0.0;83.38
13.03.2017;-0.75;-6.22;4.77;3.05;4.95;0.22;84.75
14.03.2017;0.63;-4.15;7.23;2.53;14.72;0.04;80.75
15.03.2017;1.45;-2.81;8.01;2.15;10.67;0.01;79.69
16.03.2017;0.68;-0.65;2.66;2.29;5.33;4.29;96.12
17.03.2017;1.24;-1.6;4.31;1.28;5.54;0.61;91.31
18.03.2017;1.67;-1.38;6.21;3.75;10.83;0.35;85.44
19.03.2017;1.65;-0.46;3.87;4.33;5.35;6.8;94.44
20.03.2017;3.56;1.23;6.47;0.94;7.5;3.1;91.81
21.03.2017;2.94;-0.65;8.01;1.1;6.84;1.32;87.94
22.03.2017;4.95;-0.93;11.49;1.66;12.01;0.0;84.31
23.03.2017;4.37;0.5;10.1;2.84;6.09;1.23;86.81
24.03.2017;4.2;-1.14;8.66;3.47;6.39;6.51;85.31
25.03.2017;0.9;-1.66;4.36;3.77;16.76;0.37;76.44
26.03.2017;1.06;-2.13;4.78;1.36;12.15;0.02;68.62
27.03.2017;0.98;-2.31;4.91;5.91;11.73;3.79;81.69
28.03.2017;2.27;-1.7;6.63;6.51;12.33;4.19;80.88
29.03.2017;0.44;-2.99;3.41;3.67;17.08;1.66;76.62
30.03.2017;-1.47;-6.02;1.3;3.46;10.45;2.51;82.62
31.03.2017;-1.24;-6.26;3.08;4.15;13.82;4.32;78.94
01.04.2017;0.71;-3.53;5.73;2.74;4.96;0.37;86.38
02.04.2017;4.37;-2.85;9.95;4.2;13.12;2.93;92.25
03.04.2017;10.93;6.05;18.62;3.99;17.18;0.87;88.19
04.04.2017;5.53;1.87;10.74;3.2;6.49;0.09;84.56
05.04.2017;6.51;0.9;12.5;3.27;9.98;0.51;86.31
06.04.2017;7.22;3.71;12.54;3.88;15.04;0.12;84.88
07.04.2017;8.94;2.94;15.22;2.35;12.19;0.2;84.56
08.04.2017;8.55;4.86;13.2;2.84;12.81;0.61;83.94
09.04.2017;5.54;-0.62;10.89;3.55;11.88;0.03;78.31
10.04.2017;5.91;-1.01;12.98;1.95;20.3;0.0;70.62
11.04.2017;9.05;0.97;15.76;4.64;21.0;0.0;74.44
12.04.2017;5.42;-0.28;8.19;4.55;13.0;2.53;79.62
13.04.2017;6.25;-0.8;11.08;4.6;16.44;1.14;74.5
14.04.2017;5.4;-1.72;9.51;2.88;8.99;8.88;87.5
15.04.2017;3.66;-2.27;8.31;2.99;16.02;0.26;75.94
16.04.2017;7.4;-0.07;13.33;5.41;14.48;8.07;82.25
17.04.2017;3.76;-0.41;6.94;3.38;19.15;0.42;75.25
18.04.2017;1.74;-1.23;5.17;3.12;12.5;1.03;76.19
19.04.2017;-1.06;-5.23;0.77;6.08;6.57;5.71;85.62
20.04.2017;-0.57;-5.97;4.18;2.88;19.4;0.02;76.25
21.04.2017;1.89;-4.67;8.15;1.79;22.4;0.01;74.12
22.04.2017;4.92;-2.03;11.34;4.27;12.54;1.31;84.31
23.04.2017;4.96;-1.2;10.07;2.7;19.12;0.81;74.31
24.04.2017;3.76;-0.79;7.87;3.08;19.05;0.11;75.06
25.04.2017;4.71;-2.88;10.08;2.71;17.64;0.01;72.56
26.04.2017;8.51;2.47;15.31;5.7;23.46;0.0;72.44
27.04.2017;10.54;3.64;17.84;5.16;21.65;0.0;71.94
28.04.2017;13.24;6.09;20.77;3.43;24.07;0.0;75.31
29.04.2017;14.41;7.69;20.73;2.64;25.36;0.0;75.19
30.04.2017;14.87;8.55;20.99;3.39;24.67;0.0;72.69
01.05.2017;15.16;8.39;21.64;3.3;18.72;0.02;73.44
02.05.2017;16.32;8.63;23.32;1.69;24.55;0.0;72.94
03.05.2017;13.56;7.85;19.19;3.41;24.07;0.06;78.12
04.05.2017;10.28;4.62;15.76;3.81;26.53;0.0;69.38
05.05.2017;8.72;1.64;14.81;2.22;28.07;0.0;65.75
06.05.2017;12.13;3.72;19.11;3.32;27.72;0.0;66.25
07.05.2017;14.71;8.38;20.77;1.34;19.42;0.11;75.0
08.05.2017;16.0;9.97;22.42;3.85;19.53;1.96;74.81
09.05.2017;9.1;4.23;12.38;3.73;13.67;1.13;76.31
10.05.2017;5.69;-0.13;9.85;1.61;17.42;1.12;71.56
11.05.2017;6.01;-1.96;11.8;3.58;24.72;1.21;65.5
12.05.2017;6.23;1.03;10.76;2.27;18.92;1.01;69.0
13.05.2017;7.69;0.08;12.83;2.32;14.1;0.5;71.81
14.05.2017;9.63;5.65;15.1;3.57;11.84;0.25;75.94
15.05.2017;10.32;3.17;16.47;3.05;28.5;0.01;63.44
16.05.2017;11.98;3.51;18.9;2.95;26.24;3.41;67.12
17.05.2017;5.03;1.58;8.12;3.24;17.2;5.68;84.62
18.05.2017;7.83;3.18;12.72;2.38;17.72;0.57;76.69
19.05.2017;10.4;5.8;14.91;2.07;15.45;3.9;77.69
20.05.2017;13.26;6.76;18.19;1.93;22.33;1.0;76.75
21.05.2017;14.05;9.01;20.42;3.18;15.91;3.81;81.31
22.05.2017;10.62;6.83;15.2;3.34;25.63;0.16;70.88
23.05.2017;12.65;3.94;19.01;2.09;23.91;1.24;75.5
24.05.2017;16.65;10.26;22.55;2.29;23.99;0.64;75.31
25.05.2017;16.91;10.63;22.76;2.91;26.23;0.01;73.12
26.05.2017;16.19;10.09;22.28;2.9;23.12;2.03;78.06
27.05.2017;13.75;8.26;17.56;2.44;18.59;1.08;79.94
28.05.2017;12.08;6.4;16.97;3.31;17.88;0.74;78.56
29.05.2017;15.58;5.4;22.08;4.38;27.27;0.26;75.94
30.05.2017;17.62;12.99;22.59;2.41;18.79;2.06;84.19
31.05.2017;18.76;10.97;24.4;2.01;25.58;0.5;78.75
01.06.2017;16.09;11.17;19.26;4.42;19.18;0.88;76.44
02.06.2017;10.55;4.33;14.98;4.48;22.41;4.69;73.69
03.06.2017;7.33;2.69;11.52;4.16;20.1;0.55;72.56
04.06.2017;10.49;2.03;16.31;2.85;27.18;0.05;69.88
05.06.2017;16.12;7.07;23.27;3.95;25.44;0.08;68.81
06.06.2017;16.91;12.05;20.71;1.93;19.08;0.57;80.56
07.06.2017;15.55;9.05;20.98;1.91;27.47;0.04;74.81
08.06.2017;17.15;9.56;22.45;1.69;18.73;4.35;76.12
09.06.2017;15.04;12.48;17.03;4.7;6.31;30.02;91.31
10.06.2017;12.93;11.3;14.69;3.16;6.48;6.54;90.0
11.06.2017;14.87;10.39;18.86;2.13;20.29;0.5;78.38
12.06.2017;16.77;9.26;21.97;1.59;25.58;0.05;75.44
13.06.2017;16.3;11.28;20.78;4.03;17.08;1.82;78.25
14.06.2017;13.7;9.69;17.3;3.76;19.18;2.59;82.75
15.06.2017;12.52;9.3;15.79;3.51;16.18;0.72;80.25
16.06.2017;13.42;8.44;18.38;2.87;22.82;0.4;77.19
17.06.2017;15.26;8.85;19.96;1.95;28.66;0.28;71.69
18.06.2017;16.73;9.19;21.94;1.93;24.17;0.1;71.81
19.06.2017;17.81;11.54;22.73;2.48;25.4;1.16;76.94
20.06.2017;18.31;12.2;23.3;2.36;27.7;0.27;79.5
21.06.2017;16.44;9.95;21.29;3.37;24.62;1.21;72.25
22.06.2017;13.87;8.74;18.98;3.05;29.91;0.05;69.19
23.06.2017;14.86;8.64;19.51;2.45;18.33;6.59;73.62
24.06.2017;15.83;12.48;19.66;2.34;22.44;6.5;74.31
25.06.2017;16.76;10.87;21.33;2.32;15.79;0.86;79.12
26.06.2017;20.76;14.45;26.37;2.91;20.78;8.02;81.88
27.06.2017;20.26;14.76;23.91;2.62;17.64;5.53;84.12
28.06.2017;18.19;11.97;23.03;1.4;30.01;0.02;68.44
29.06.2017;19.96;11.78;25.81;1.62;27.53;0.0;70.62
30.06.2017;22.56;17.51;28.15;3.11;22.37;4.11;81.69
01.07.2017;21.87;16.91;25.89;2.88;24.46;7.57;75.88
02.07.2017;19.68;16.3;23.63;3.9;23.19;6.42;79.56
03.07.2017;17.96;14.01;21.73;3.87;15.81;2.68;81.0
04.07.2017;17.11;13.19;20.83;2.56;10.76;1.75;82.75
05.07.2017;14.36;9.85;17.95;4.66;22.55;0.92;74.5
06.07.2017;14.76;9.99;19.41;3.44;23.04;1.06;76.94
07.07.2017;13.35;9.08;17.16;3.06;24.24;0.86;72.88
08.07.2017;13.01;7.4;17.94;3.44;20.02;0.41;72.62
09.07.2017;15.3;8.55;20.61;3.17;22.77;0.44;71.19
10.07.2017;16.54;10.35;21.7;2.88;21.19;1.39;77.19
11.07.2017;18.49;10.96;24.23;1.64;27.69;0.37;72.12
12.07.2017;18.58;14.9;22.81;3.54;13.71;3.94;80.19
13.07.2017;18.89;16.42;22.45;2.48;7.58;8.46;88.75
14.07.2017;19.55;16.42;24.8;2.97;14.19;4.11;83.56
15.07.2017;19.31;13.7;24.51;1.34;19.45;3.55;83.12
16.07.2017;16.8;11.66;21.52;2.02;21.34;0.21;77.0
17.07.2017;15.48;10.47;19.28;1.85;21.73;0.05;78.25
18.07.2017;18.59;10.49;23.97;1.3;26.86;0.0;67.62
19.07.2017;18.84;12.89;23.68;1.34;21.64;0.13;74.44
20.07.2017;18.98;12.8;23.8;1.21;25.25;0.01;68.25
21.07.2017;21.15;13.13;26.05;1.44;22.8;0.42;64.0
22.07.2017;23.44;18.33;29.05;1.62;19.54;2.7;70.06
23.07.2017;17.79;13.47;22.9;2.95;19.97;3.7;76.62
24.07.2017;18.4;12.51;23.26;0.8;24.18;0.0;69.44
25.07.2017;19.92;12.82;25.81;1.46;23.4;0.0;63.19
26.07.2017;22.13;14.33;28.37;1.74;25.96;0.1;63.31
27.07.2017;24.55;18.58;30.26;1.53;21.81;0.66;65.31
28.07.2017;25.39;19.46;33.23;1.59;21.42;1.29;64.5
29.07.2017;22.24;19.63;25.08;3.29;15.82;7.26;77.12
30.07.2017;19.71;17.73;22.0;2.36;7.07;8.4;89.0
31.07.2017;19.29;15.76;23.77;4.16;21.7;0.77;79.88
01.08.2017;22.48;14.67;29.1;2.46;24.36;0.27;79.81
02.08.2017;23.06;16.77;27.97;1.27;23.46;0.15;72.56
03.08.2017;24.41;17.55;31.3;2.36;22.83;0.86;71.38
04.08.2017;23.33;16.87;28.62;1.62;23.66;0.01;68.88
05.08.2017;23.8;19.05;29.06;2.88;20.5;0.82;68.12
06.08.2017;21.66;15.37;27.31;1.59;25.52;0.34;68.19
07.08.2017;22.83;16.26;28.76;1.61;23.92;0.03;62.62
08.08.2017;18.65;14.87;21.58;3.12;6.61;10.95;89.44
09.08.2017;18.71;12.98;24.8;3.16;24.78;0.03;71.81
10.08.2017;18.79;12.11;24.83;1.52;25.38;0.0;63.38
11.08.2017;21.5;13.44;27.35;1.16;24.02;0.0;53.75
12.08.2017;23.51;17.48;28.92;1.35;22.72;0.07;67.0
13.08.2017;24.09;17.65;30.15;1.75;22.7;0.09;63.75
14.08.2017;24.19;17.62;30.88;1.38;19.91;0.26;55.56
15.08.2017;22.33;16.86;27.56;2.66;17.99;0.89;68.0
16.08.2017;21.82;16.13;27.37;3.38;22.24;0.11;67.56
17.08.2017;22.48;16.25;28.83;2.9;22.08;0.0;54.62
18.08.2017;23.54;16.75;30.95;2.71;22.83;0.0;53.25
19.08.2017;23.64;16.39;30.67;1.56;21.56;0.0;50.19
20.08.2017;23.26;17.73;30.07;2.28;21.81;0.0;43.0
21.08.2017;23.66;15.67;31.3;3.09;20.62;0.0;43.31
22.08.2017;23.63;17.75;30.11;4.41;17.45;0.46;43.56
23.08.2017;18.98;12.99;24.48;3.98;7.34;7.77;73.88
24.08.2017;16.15;11.52;20.35;3.93;15.7;2.04;65.5
25.08.2017;15.95;10.83;22.86;3.74;16.5;0.42;65.31
26.08.2017;17.67;11.97;24.91;2.86;18.26;0.48;62.81
27.08.2017;17.39;10.83;23.59;1.84;19.81;0.01;63.12
28.08.2017;18.44;13.73;25.29;3.1;13.8;6.6;69.12
29.08.2017;13.76;10.37;16.84;3.62;4.44;2.17;85.0
30.08.2017;14.28;9.47;19.28;3.88;6.31;0.12;70.0
31.08.2017;14.01;9.39;18.93;2.46;7.71;0.12;72.75
01.09.2017;14.48;11.95;17.85;2.87;4.81;15.13;91.06
02.09.2017;15.09;10.04;20.3;0.62;10.52;1.8;77.5
03.09.2017;16.31;12.25;21.4;1.26;11.87;2.64;84.56
04.09.2017;16.58;11.16;22.35;2.05;10.03;0.05;75.12
05.09.2017;16.69;13.05;20.13;2.67;10.62;5.64;81.5
06.09.2017;14.46;11.12;18.25;1.46;12.75;2.29;79.81
07.09.2017;13.05;9.32;18.64;2.58;9.84;0.48;72.62
08.09.2017;14.45;10.37;19.74;4.2;10.83;0.33;71.56
09.09.2017;13.93;8.01;19.39;2.5;12.92;0.12;72.56
10.09.2017;15.69;8.88;22.65;1.77;13.6;0.0;66.19
11.09.2017;17.35;10.89;24.79;2.77;17.55;0.0;59.88
12.09.2017;19.45;11.23;27.81;2.49;17.13;0.0;61.19
13.09.2017;20.43;15.97;26.56;4.45;12.4;1.41;66.38
14.09.2017;17.01;11.88;22.39;4.02;16.12;0.26;65.12
15.09.2017;17.57;9.8;25.62;4.53;17.79;0.0;57.19
16.09.2017;13.39;6.94;20.17;1.84;17.44;0.0;65.31
17.09.2017;16.3;9.66;23.89;2.21;15.91;0.0;58.0
18.09.2017;20.1;12.73;29.87;3.54;15.73;0.0;54.88
19.09.2017;14.37;8.93;20.51;2.78;16.89;0.0;57.81
20.09.2017;13.66;7.54;20.57;2.99;15.56;0.0;60.25
21.09.2017;16.61;9.92;25.37;4.67;15.45;0.0;55.56
22.09.2017;14.65;9.48;21.34;5.99;15.88;0.0;53.94
23.09.2017;12.53;7.03;19.5;4.82;16.52;0.0;57.06
24.09.2017;12.14;5.87;19.48;3.5;15.57;0.0;57.88
25.09.2017;10.48;5.13;17.44;3.03;15.92;0.0;63.06
26.09.2017;9.67;4.09;16.42;2.73;10.2;0.01;69.69
27.09.2017;7.02;2.73;12.66;3.03;8.6;0.01;67.69
28.09.2017;5.55;0.25;12.23;2.33;14.37;0.0;69.75
29.09.2017;5.13;-0.6;10.76;1.97;7.89;0.02;71.94
30.09.2017;7.34;3.11;11.73;2.91;4.83;0.25;77.69
01.10.2017;5.81;1.48;10.68;2.83;5.54;0.19;74.75
02.10.2017;4.51;0.91;9.58;1.49;3.5;0.07;73.38
03.10.2017;3.58;0.11;9.13;1.94;6.0;0.01;63.94
04.10.2017;6.19;0.33;11.51;4.24;8.56;0.68;57.19
05.10.2017;8.31;6.04;10.83;4.28;2.65;6.34;87.25
06.10.2017;10.26;8.24;13.79;4.7;3.94;11.7;87.12
07.10.2017;9.58;6.1;14.77;2.4;10.8;0.17;75.12
08.10.2017;9.3;5.99;11.48;2.83;3.81;2.9;81.44
09.10.2017;10.9;7.83;14.12;4.5;3.86;3.13;86.5
10.10.2017;7.19;3.0;12.26;2.77;9.88;0.16;73.56
11.10.2017;7.19;1.09;12.26;3.64;9.8;0.73;68.19
12.10.2017;8.23;5.53;11.11;3.44;4.79;5.04;84.31
13.10.2017;8.8;4.35;11.72;3.69;3.11;4.27;90.19
14.10.2017;6.26;3.78;9.62;3.41;3.61;3.0;89.56
15.10.2017;4.87;2.08;10.01;5.16;2.43;7.13;89.44
16.10.2017;4.97;2.08;9.51;4.56;6.79;0.64;76.19
17.10.2017;7.07;2.01;14.17;2.55;4.48;0.22;88.62
18.10.2017;9.89;3.17;16.74;4.5;8.51;0.07;89.69
19.10.2017;9.56;4.48;14.22;2.08;7.42;0.07;82.88
20.10.2017;3.68;-0.48;10.01;1.38;10.33;0.0;80.31
21.10.2017;3.33;-0.41;7.91;1.08;6.05;0.05;76.44
22.10.2017;-0.13;-3.79;4.0;2.3;6.69;0.04;76.19
23.10.2017;-1.54;-5.23;2.61;1.28;7.87;0.0;74.44
24.10.2017;-0.8;-2.32;2.46;2.7;5.45;0.03;74.06
25.10.2017;-1.43;-3.76;2.53;2.67;4.6;0.05;75.31
26.10.2017;-1.31;-3.51;1.05;3.25;2.05;4.21;87.56
27.10.2017;2.09;-1.01;4.98;2.42;3.42;3.52;97.88
28.10.2017;4.33;2.37;7.74;1.05;2.23;4.28;97.19
29.10.2017;4.04;2.95;5.4;4.06;3.5;1.12;93.0
30.10.2017;4.12;1.87;7.56;4.51;3.57;5.54;92.81
31.10.2017;1.94;0.63;3.78;6.41;2.04;4.67;90.25
01.11.2017;0.47;-3.06;3.08;5.04;2.98;1.11;76.19
02.11.2017;-1.06;-4.87;2.29;1.54;2.72;2.31;92.75
03.11.2017;3.01;-0.77;5.71;2.02;1.91;5.86;98.5
04.11.2017;1.3;-2.14;4.62;1.65;2.68;0.3;91.25
05.11.2017;0.76;-1.94;4.48;1.02;2.17;0.17;91.38
06.11.2017;1.06;-2.95;5.31;1.55;2.57;0.07;90.19
07.11.2017;-0.18;-2.49;4.54;1.25;1.36;0.15;91.25
08.11.2017;0.17;-2.58;3.83;0.94;2.98;0.16;92.0
09.11.2017;-0.38;-1.72;2.56;1.45;1.24;0.28;94.25
10.11.2017;0.47;-1.15;2.76;1.98;1.46;0.74;96.38
11.11.2017;2.12;0.8;4.41;3.55;1.68;2.81;94.69
12.11.2017;2.68;0.78;5.98;2.91;3.47;23.45;94.06
13.11.2017;-0.09;-1.68;1.15;2.69;2.97;0.85;93.25
14.11.2017;2.62;-1.1;7.25;4.26;1.76;2.16;96.12
15.11.2017;-1.48;-3.48;2.37;2.03;2.78;0.12;93.81
16.11.2017;0.54;-3.05;3.82;4.31;3.66;0.15;93.62
17.11.2017;-0.6;-2.49;2.72;2.29;3.27;0.09;93.88
18.11.2017;-0.25;-1.56;2.31;2.57;2.69;1.12;93.69
19.11.2017;-0.02;-1.56;1.84;2.3;1.32;2.06;96.38
20.11.2017;-0.13;-1.24;0.71;2.64;1.68;16.4;96.56
21.11.2017;-1.52;-3.42;0.1;3.93;1.62;1.07;95.94
22.11.2017;-2.8;-6.32;-0.72;4.39;1.87;1.44;92.69
23.11.2017;-3.71;-5.72;-1.71;4.31;1.37;0.89;88.75
24.11.2017;-7.11;-10.63;-3.05;1.52;2.12;0.32;91.88
25.11.2017;-5.59;-8.56;-2.18;1.44;1.85;0.2;93.81
26.11.2017;-8.63;-11.88;-5.83;2.91;1.63;0.1;97.69
27.11.2017;-8.38;-14.33;-4.8;3.27;2.28;0.13;96.94
28.11.2017;-8.97;-11.7;-6.15;3.3;3.57;0.14;96.0
29.11.2017;-6.11;-8.72;-4.77;3.99;2.13;0.32;96.31
30.11.2017;-3.34;-5.31;-1.6;4.2;1.46;0.78;97.0
01.12.2017;-0.1;-1.59;0.48;6.62;1.08;12.73;96.88
02.12.2017;0.36;0.3;0.43;3.74;0.86;22.8;96.81
03.12.2017;0.39;0.3;0.55;2.78;0.95;5.48;97.31
04.12.2017;-0.81;-5.36;0.65;3.9;1.57;2.91;96.0
05.12.2017;-6.42;-11.81;-1.89;1.66;1.31;0.5;97.56
06.12.2017;-4.95;-8.13;-2.57;3.16;1.81;2.68;96.56
07.12.2017;-4.95;-8.7;-3.48;4.03;2.0;0.33;94.94
08.12.2017;-7.65;-11.06;-4.1;1.99;2.09;0.1;97.56
09.12.2017;-2.38;-4.83;-0.34;3.22;1.33;0.33;98.31
10.12.2017;0.53;-0.06;1.06;4.6;2.13;0.73;97.69
11.12.2017;-1.26;-2.95;0.65;4.58;1.81;1.58;94.81
12.12.2017;-1.23;-4.49;0.89;2.66;1.22;1.15;98.31
13.12.2017;0.37;-0.89;1.25;1.84;1.94;0.38;98.19
14.12.2017;1.03;0.4;1.48;2.52;0.77;8.03;99.12
15.12.2017;0.44;-0.26;0.95;1.73;0.77;2.04;99.12
16.12.2017;2.86;0.76;4.02;5.51;0.87;3.56;99.38
17.12.2017;1.85;-0.19;3.72;3.56;0.83;14.61;98.12
18.12.2017;1.05;0.42;2.34;4.66;0.68;22.61;97.31
19.12.2017;-1.31;-3.22;1.14;3.09;1.31;0.56;90.5
20.12.2017;-2.43;-3.45;-0.02;1.8;1.18;1.2;92.31
21.12.2017;-3.24;-5.06;-1.46;1.28;2.29;0.75;92.44
22.12.2017;-4.26;-6.02;-2.1;1.92;1.57;0.93;94.75
23.12.2017;-4.27;-7.58;-1.75;1.33;1.39;0.47;92.5
24.12.2017;-2.99;-7.07;-1.34;6.84;0.76;7.02;92.25
25.12.2017;-4.17;-9.66;-2.21;5.49;1.28;0.22;93.94
26.12.2017;-3.25;-10.51;0.81;4.48;1.58;1.44;98.19
27.12.2017;0.58;0.03;0.98;3.96;0.91;0.49;98.12
28.12.2017;-0.07;-1.02;1.23;2.14;1.86;0.35;98.06
29.12.2017;0.73;-0.99;1.94;4.56;2.54;0.34;97.81
30.12.2017;-0.72;-1.94;0.49;4.77;1.07;1.5;95.25
